Workbook
Name ac_type: [1]ref_link!$A$2:$A$4
Name AMP_LIST: #REF!
Name AMP_NAME: #REF!
Name Bangkok: INDIRECT('[2]Address Code'!$N$2)
Name client_type: [1]ref_link!$A$27:$A$28
Name DD_OD: [1]ref_link!$N$2:$N$111
Name DD_TP: [1]ref_link!$O$2:$O$23
Name Factor_MED: [1]MED!$E$4:$H$135
Name Factor_SI: [1]F5Sum_Insured!$D$4:$E$6814
Name Factor_TPBI_Occu: [1]F8TPBI_O!$C$4:$G$68
Name Factor_TPBI_Person: [1]F7TPBI_P!$C$4:$G$207
Name Factor_TPPD: [1]F9TPPD!$C$4:$G$283
Name Factor_Veh_Age: [1]F4_VAge!$C$4:$D$147
Name Factor_Veh_Capacity: [1]F2_VCap_Seat!$C$4:$H$32
Name Factor_Veh_Group: [1]F6Vehicle_Group!$B$4:$E$21
Name Factor_Veh_Usage: [1]F1_VUsage!$D$4:$E$56
Name fleet: [1]ref_link!$A$31:$A$32
Name Garage: [1]ref_link!$E$2:$E$4
Name Group: [1]ref_link!$A$6:$A$11
Name language: [1]ref_link!$A$22:$A$24
Name Loan_type: [3]Rate!$O$3:$O$4
Name MED: [1]ref_link!$M$2:$M$8
Name MV: [1]ref_link!$C$2:$C$31
Name NCB: [1]ref_link!$A$14:$A$19
Name province: [1]ref_link!$E$7:$E$32
Name PRV_LIST: #REF!
Name PRV_NAME: #REF!
Name risk: [1]ref_link!$G$28:$G$31
Name TableProvinces: [4]Province!$A$2:$A$78
Name TPBI_PO: [1]ref_link!$K$2:$K$6
Name TPBI_PP: [1]ref_link!$J$2:$J$21
Name TPPD: [1]ref_link!$L$2:$L$25
Name TUM_NAME: #REF!
Name VCC: [1]ref_link!$K$29:$K$67
Name veh_body_type_lnk: [5]ref_link!$G$1:$H$25
Name veh_code: [1]ref_link!$G$2:$G$21

Sheet Sheet1
A1: Motor Code | B1: Brand | C1: Model | D1: Brand&Model | E1: Yeargroup | F1: Engine | G1: SI
A2: 110 | B2: Ford | C2: Everest | D2: =B2&" "&C2 -> Ford Everest | E2: 2006 | F2: 2500 | G2: 140000
A3: 110 | B3: Ford | C3: Everest | D3: =B3&" "&C3 -> Ford Everest | E3: 2006 | F3: 2500 | G3: 150,000
A4: 110 | B4: Ford | C4: Everest | D4: =B4&" "&C4 -> Ford Everest | E4: 2006 | F4: 2500 | G4: 160,000
A5: 110 | B5: Ford | C5: Everest | D5: =B5&" "&C5 -> Ford Everest | E5: 2006 | F5: 2500 | G5: 170,000
A6: 110 | B6: Ford | C6: Everest | D6: =B6&" "&C6 -> Ford Everest | E6: 2006 | F6: 2500 | G6: 180,000
A7: 110 | B7: Ford | C7: Everest | D7: =B7&" "&C7 -> Ford Everest | E7: 2006 | F7: 2500 | G7: 190,000
A8: 110 | B8: Ford | C8: Everest | D8: =B8&" "&C8 -> Ford Everest | E8: 2006 | F8: 2500 | G8: 200,000
A9: 110 | B9: Ford | C9: Everest | D9: =B9&" "&C9 -> Ford Everest | E9: 2006 | F9: 2500 | G9: 210,000
A10: 320 | B10: Isuzu | C10: D-Max | D10: =B10&" "&C10 -> Isuzu D-Max | E10: 2006 | F10: ไม่เกิน 4 ตัน | G10: 130000
A11: 320 | B11: Isuzu | C11: D-Max | D11: =B11&" "&C11 -> Isuzu D-Max | E11: 2006 | F11: ไม่เกิน 4 ตัน | G11: 140,000
A12: 320 | B12: Isuzu | C12: D-Max | D12: =B12&" "&C12 -> Isuzu D-Max | E12: 2006 | F12: ไม่เกิน 4 ตัน | G12: 150,000
A13: 320 | B13: Isuzu | C13: D-Max | D13: =B13&" "&C13 -> Isuzu D-Max | E13: 2006 | F13: ไม่เกิน 4 ตัน | G13: 160,000
A14: 320 | B14: Isuzu | C14: D-Max | D14: =B14&" "&C14 -> Isuzu D-Max | E14: 2006 | F14: ไม่เกิน 4 ตัน | G14: 170,000
A15: 320 | B15: Isuzu | C15: D-Max | D15: =B15&" "&C15 -> Isuzu D-Max | E15: 2006 | F15: ไม่เกิน 4 ตัน | G15: 180,000
A16: 320 | B16: Isuzu | C16: D-Max | D16: =B16&" "&C16 -> Isuzu D-Max | E16: 2006 | F16: ไม่เกิน 4 ตัน | G16: 190,000
A17: 320 | B17: Isuzu | C17: D-Max | D17: =B17&" "&C17 -> Isuzu D-Max | E17: 2006 | F17: ไม่เกิน 4 ตัน | G17: 200,000
A18: 320 | B18: Isuzu | C18: D-Max | D18: =B18&" "&C18 -> Isuzu D-Max | E18: 2006 | F18: ไม่เกิน 4 ตัน | G18: 210,000
D19: =B19&" "&C19
D20: =B20&" "&C20
D21: =B21&" "&C21
D22: =B22&" "&C22
D23: =B23&" "&C23
D24: =B24&" "&C24
D25: =B25&" "&C25
D26: =B26&" "&C26
D27: =B27&" "&C27
D28: =B28&" "&C28
D29: =B29&" "&C29
D30: =B30&" "&C30
... D103: =B103&" "&C103

Sheet Sheet4
A2: 1 | B2: มกราคม | C2: 2568
A3: 2 | B3: กุมภาพันธ์ | C3: 2567
A4: 3 | B4: มีนาคม | C4: 2566
A5: 4 | B5: เมษายน | C5: 2565
A6: 5 | B6: พฤษภาคม | C6: 2564
A7: 6 | B7: มิถุนายน | C7: 2563
A8: 7 | B8: กรกฎาคม | C8: 2562
A9: 8 | B9: สิงหาคม | C9: 2561
A10: 9 | B10: กันยายน | C10: 2560
A11: 10 | B11: ตุลาคม | C11: 2559
A12: 11 | B12: พฤศจิกายน | C12: 2558
A13: 12 | B13: ธันวาคม | C13: 2557
A14: 13 | C14: 2556
A15: 14 | C15: 2555
A16: 15 | C16: 2554
A17: 16 | C17: 2553
A18: 17 | C18: 2552
A19: 18 | C19: 2551
A20: 19 | C20: 2550
A21: 20 | C21: 2549
A22: 21 | C22: 2548
A23: 22 | C23: 2547
A24: 23 | C24: 2546
A25: 24 | C25: 2545
... A32: 31 | C32: 2538
C33: 2537
C34: 2536
C35: 2535
C36: 2534
C37: 2533
C38: 2532
C39: 2531
C40: 2530
C41: 2529
C42: 2528
C43: 2527
C44: 2526
... C90: 2480

Sheet 01 แคนเซอร์ อีซี่ แคร์_v0104
A6: ใบเสนอขายประกันภัย
D7: โครงการ | E7: : | F7: ประกันโรคมะเร็ง ซีไอเอ็มบี ไทย แคนเซอร์ อีซี่ แคร์
D9: เรียนเสนอ คุณ | E9: : | F9: คุณปัฐญา บ้านหมู่
D10: อายุ | E10: : | F10: =ROUNDDOWN(YEARFRAC((TODAY()),(DATE($L$10-543,VLOOKUP($K$10,Month!$B$2:$C$13,2,0),$J$10))),0) -> 39 | G10: ปี | H10: วัน/เดือน/ปี เกิด | J10: 22 | K10: กุมภาพันธ์ | L10: 2530
D11: แผนประกัน | E11: : | F11: แผน 500,000
D12: ระยะเวลาชำระเบี้ย | E12: : | F12: 1 ปี | G12: ระยะเวลาคุ้มครอง | I12: 1 ปี (รับประกันอายุ 1 ปี - 60 ปี ต่ออายุได้ถึง 99 ปี)
D13: เบี้ยประกันต่อปี | E13: : | F13: =VLOOKUP(IF($F$10<1,"",IF($F$10<35,"1-34",IF($F$10>34,$F$10,""))),'Rate Cancer'!$A$16:$I$42,MATCH(F11,'Rate Cancer'!$G$15:$I$15,0)+6,0) -> 5628 | G13: บาท | H13: =IFERROR(F13,"อายุไม่อยู่ในกฏเกณฑ์การรับประกัน1-60ปี") -> 5628
B16: ผลประโยชน์ความคุ้มครอง
B17: ผลประโยชน์ความคุ้มครองประกันโรคมะเร็ง บริษัทจะจ่ายไม่เกินตามความคุ้มครองที่ระบุในตารางผลประโยชน์
B19: กรณีตรวจพบโรคมะเร็ง ก่อนระยะลุกลาม หรือลุกลาม (ไม่รวมมะเร็งผิวหนัง) | K19: =VLOOKUP(B19,'Rate Cancer'!$A$3:$I$12,MATCH('01 แคนเซอร์ อีซี่ แคร์_v0104'!$F$11,'Rate Cancer'!$G$2:$I$2,0)+6,0) -> 500000 | L19: บาท
B20: กรณีตรวจพบโรคมะเร็งผิวหนัง | K20: =VLOOKUP(B20,'Rate Cancer'!$A$3:$I$12,MATCH('01 แคนเซอร์ อีซี่ แคร์_v0104'!$F$11,'Rate Cancer'!$G$2:$I$2,0)+6,0) -> 50000 | L20: บาท
B21: ค่ารักษาพยาบาล สำหรับ การทำเคมีบำบัด/รังสีรักษา/การผ่าตัด (1) จ่ายตามจริง สูงสุดต่อครั้งไม่เกิน | K21: =VLOOKUP(B21,'Rate Cancer'!$A$3:$I$12,MATCH('01 แคนเซอร์ อีซี่ แคร์_v0104'!$F$11,'Rate Cancer'!$G$2:$I$2,0)+6,0) -> 300000 | L21: บาท
B22: กรณีการตรวจวินิจฉัยซ้ำ ( Second Opinion ) (2) | K22: =VLOOKUP(B22,'Rate Cancer'!$A$3:$I$12,MATCH('01 แคนเซอร์ อีซี่ แคร์_v0104'!$F$11,'Rate Cancer'!$G$2:$I$2,0)+6,0) -> 10000 | L22: บาท
B23: ค่าใช้จ่ายในการเดินทาง ต่อครั้ง (สูงสุด 10 ครั้ง)(3) | K23: =VLOOKUP(B23,'Rate Cancer'!$A$3:$I$12,MATCH('01 แคนเซอร์ อีซี่ แคร์_v0104'!$F$11,'Rate Cancer'!$G$2:$I$2,0)+6,0) -> 500 | L23: บาท
B26: การจ่ายผลประโยชน์ข้างต้น จะต้องไม่เกินจำนวนเงินผลประโยชน์สูงสุดที่ระบุไว้ในตารางกรมธรรม์
B27: คุณสมบัติของผู้เอาประกันภัยไม่ประกอบอาชีพดังต่อไปนี้ คนที่ทํางานในโรงงานผลิตแบตเตอรี่ โรงงานผลิตถ่านไฟฉาย เหมืองนิกเกิล โรงงานไฟฟ้านิวเคลียร์
B28: โรงงานทีใช้กัมมันตภาพรังษีในการผลิต โรงงานปิโตรเลียม งานที่เกี่ยวกับฝุ่นละอองจากถ่านหินและน้ำมัน ฝุ่นแร่ใยหิน(Asbestos)
C29: A1 : ท่านเคยมีกรมธรรม์ประกันอุบัติเหตุหรือประกันสุขภาพหรือไม่
C30: £ เคยมี £ ไม่เคยมี กรุณาดำเนินการในข้อ A2
C31: A2 : ข้าพเจ้า ........................................................ รับทราบ และมีความเข้าใจในผลิตภัณฑ์และได้รับการอธิบายจากพนักงานอย่างเข้าใจดีแล้ว
B32: หมายเหตุ
C33: 1. แผนประกันโรคมะเร็ง ซีไอเอ็มบี ไทย แคนเซอร์ อีซี่ แคร์ เป็นชื่อทางการตลาด ส่วนในกรมธรรม์จะเป็นชื่อแบบประกัน "ประกันภัยโรคมะเร็ง"
C34: 2. แผนประกันโรคมะเร็ง ซีไอเอ็มบี ไทย แคนเซอร์ อีซี่ แคร์ เป็นผลิตภัณฑ์ประกันภัยมิใช่ผลิตภัณฑ์เงินฝาก
C35: 3. การนำส่งเบี้ยประกันภัยเป็นหน้าที่ของผู้เอาประกันภัย การที่นายหน้าประกันวินาศภัยเก็บเบี้ยประกันภัยเป็นการให้บริการเท่านั้น
C36: โดยศึกษาข้อมูลเพิ่มเติมได้จากคู่มือผู้เอาประกันภัย
C37: 4. การรับประกันภัยขึ้นอยู่กับเงื่อนไข และกฏเกณฑ์การพิจารณารับประกันภัยของ บริษัท ซมโปะ ประกันภัย (ประเทศไทย) จำกัด (มหาชน)
C38: 5. วิธีการชำระเบี้ย สำหรับการสมัครทำประกันภัยใหม่และปีต่ออายุ ดังนี้ เงินสด เช็ค บัตรเครดิต
C39: 6. ผู้เอาประกันภัยสามารถนำเบี้ยประกันภัยสุขภาพตามที่จ่ายจริง แต่ไม่เกิน 25,000 บาท ทั้งนี้เมื่อรวมกับเบี้ยประกันชีวิตทุกกรมธรรม์มาใช้สิทธิลดหย่อน
C40: ภาษีสูงสุดไม่เกินปีละ 100,000 บาท โดยเป็นไปตามกฎเกณฑ์ของกรมสรรพากร (ตามประกาศอธิบดีกรมสรรพากรเกี่ยวกับภาษีเงินได้ฉบับที่ 383)
C41: 7. ระยะเวลาเอาประกันภัย 1 ปี โดยสามารถต่ออายุกรมธรรม์ตามเงื่อนไขสัญญา จนถึงระยะเวลาชำระเบี้ยประกันภัยที่ระบุไว้ข้างต้น
C42: 8. เบี้ยประกันภัยข้างต้นแตกต่างตามช่วงอายุ และแผนความคุ้มครองของผู้ขอเอาประกันภัย ทั้งนี้ขึ้นอยู่กับกฎเกณฑ์ของบริษัท
C43: 9. เบี้ยประกันภัยสำหรับปีต่ออายุอาจเปลี่ยนแปลงได้ตามกฎเกณฑ์ของบริษัท
C44: 10. สงวนสิทธิ์ซื้อได้สูงสุดไม่เกิน 2 ฉบับต่อคน (หากซื้อมากกว่า 2 ฉบับ บริษัทฯจะคืนเบี้ยประกันภัยสําหรับแผนประกันภัยที่ไม่คุ้มครองนั้นให้ทั้งหมดเต็มจํานวน)
... C58: สำหรับ "การไปและกลับรวมกันในแต่ละครั้ง ตามที่ระบุไว้ในตารางกรมธรรม์ประกันภัย"
B59: เสนอโดยนายหน้า | G59: เลขที่ใบอนุญาตนายหน้าประกันวินาศภัย
B60: ธนาคารซีไอเอ็มบีไทย สาขา | I60: วัน/เวลาเสนอขาย_____________________
B62: ข้าพเจ้าได้ทราบและเข้าใจข้อความข้างต้นเป็นอย่างดีโดยตลอดแล้ว เห็นว่าถูกต้องตรงตามเจตนารมณ์และความประสงค์ของข้าพเจ้าทุกประการ
B63: ลงชื่อผู้ขอเอาประกัน___________________________เบอร์โทร______________________วันที่__________________
C64: ( )
B66: (ก) ข้อมูลในเอกสารนี้เป็นเพียงข้อมูลเบื้องต้นเพื่อประกอบการขายเท่านั้น ลูกค้าควรศึกษาข้อมูลเพิ่มเติม เรื่องความคุ้มครอง ข้อกำหนด เงื่อนไข ข้อยกเว้น และผลประโยชน์จากกรมธรรม์ประกันภัย
B67: (ข) ลูกค้าควรทำความเข้าใจในเงื่อนไขและความคุ้มครองของแบบประกันภัยก่อนตัดสินใจสมัครทำประกันภัย
B68: (ค) ธนาคาร ซีไอเอ็มบี ไทย จำกัด (มหาชน) ในฐานะนายหน้าประกันวินาศภัย เป็นผู้นำเสนอผลิตภัณฑ์ด้านประกันวินาศภัย และอำนวยความสะดวกในการชำระเบี้ยประกันภัยเท่านั้น
B69: โดย บมจ. ซมโปะ ประกันภัย (ประเทศไทย) ในฐานะผู้รับประกันภัย เป็นผู้รับผิดชอบในเงื่อนไขความคุ้มครอง และสิทธิประโยชน์ตามเงื่อนไขที่ระบุไว้ในกรมธรรม์ประกันภัย
A80: =A6 -> ใบเสนอขายประกันภัย
A81: โครงการ | G81: =F7 -> ประกันโรคมะเร็ง ซีไอเอ็มบี ไทย แคนเซอร์ อีซี่ แคร์
C83: ข้อยกเว้นความคุ้มครองตามสัญญา
C84: ข้อมูลดังต่อไปนี้เป็นเพียงข้อมูลบางส่วนของข้อยกเว้นทั้งหมดเท่านั้น ผู้ขอเอาประกันภัยควรศึกษาข้อมูลเพิ่มเติมและตรวจสอบข้อยกเว้นจากกรมธรรม์หรือ
C85: สัญญาเพิ่มเติมต่างๆ ที่เกี่ยวข้อง
C86: แบบประกันภัย | G86: ตัวอย่างข้อยกเว้นความคุ้มครอง
C87: =F7 -> ประกันโรคมะเร็ง ซีไอเอ็มบี ไทย แคนเซอร์ อีซี่ แคร์ | G87: - การไม่เปิดเผยความจริง หรือแถลงความเท็จในใบคำขอเอาประกันภัย
G88: อาจเป็นสาเหตุให้บริษัทปฏิเสธการจ่ายสินไหมทดแทนได้
G89: - สภาพที่เป็นมาก่อนการเอาประกันภัย (Pre-existing Condition)
G90: - โรคมะเร็งที่เกิดจากอาการของการติดเชื้อ HIV หรือภาวะของโรคเอดส์ (AIDS)
G91: - การแผ่ของรังสีหรือแพร่กัมมันตภาพรังสีจากเชื้อเพลิงนิวเคลียร์หรือกากนิวเคลียร์
G92: - การระเบิดของกัมมันตภาพรังสี หรือส่วนประกอบของนิวเคลียร์
B94: ระยะเวลาที่ไม่คุ้มครอง ( Waiting Period )
B95: สำหรับการตรวจพบโรคมะเร็งทุกชนิด (รวมทั้งมะเร็งผิวหนัง) ก่อนระยะลุกลาม หรือลุกลาม ในระยะเวลา 90 วัน
B96: นับตั้งแต่วันที่เริ่มมีผลคุ้มครอง หรือวันเริ่มมีผลคุ้มครองตามการต่ออายุกรมธรรม์ครั้งสุดท้ายแล้วแต่กรณีใดจะเกิดขึ้นหลังสุด
B97: อนึ่งบริษัทฯ ไม่คุ้มครองสำหรับการตรวจพบโรคมะเร็งทุกชนิด ทุกระยะที่เกิดขึ้นภายในระยะเวลา 2 ปี
B98: สำหรับผู้เอาประกันภัยที่มีอาการหรือโรคเป็นมาก่อนหรือกำลังอยู่ระหว่างการรักษา ดังต่อไปนี้
C100: 1.ไวรัสตับอักเสบชนิด B และ C (ทั้งชนิดที่เป็นพาหะหรือไม่เป็นพาหะ) โรคตับแข็ง โรคตับอักเสบเรื้อรัง โรคพิษสุราเรื้อรัง
C102: 2.โรคปอดอักเสบเรื้อรัง โรคถุงลมโป่งพองในปอด โรคปอดอุดกั้นเรื้อรัง
C104: 3.โรคลำไส้ใหญ่อักเสบเรื้อรัง
C106: 4.โรคปากมดลูกอักเสบเรื้อรัง หรือช่องคลอดอักเสบเรื้อรัง
C108: 5.โรคมะเร็งที่เกิดกับอวัยวะที่เคยเป็นเนื้องอก ก้อนเนื้อ ตุ่มเนื้อ หรือซีสต์ ที่ยังไม่ได้รับการผ่าตัด หรือได้รับการรักษาโดยการผ่าตัดแล้ว
C109: แต่น้อยกว่า 2 ปี ก่อนที่กรมธรรม์ประกันภัยนี้เริ่มต้นมีผลบังคับเป็นครั้งแรก
B111: การยกเลิกกรมธรรม์
B112: ผู้เอาประกันภัยสามารถบอกเลิกกรมธรรม์ประกันภัยโดยการบอกกล่าวเป็นลายลักษณ์อักษรถึงบริษัทได้ตลอด
B113: โดยบริษัทจะคืนเบี้ยประกันภัยหลังจากหักเบี้ยประกันภัยสำหรับระยะเวลาที่กรมธรรม์ประกันภัยฉบับนี้ได้ใช้บังคับ
B114: มาแล้วออก โดยคิดอัตราเบี้ยประกันภัยระยะสั้น ( Short rate ) ตามตารางที่ระบุในกรมธรรม์
B115: แต่ถ้าหากมีการเรียกร้องสินไหมทดแทนแล้ว จะไม่สามารถยกเลิกกรมธรรม์ได้
B117: วิธีการชำระเบี้ยสำหรับการสมัครทำประกันภัยใหม่และปีต่ออายุ ดังนี้
B118: - เงินสด | D118: - เช็ค | E118: - บัตรเครดิต
B120: ช่องทางการติดต่อ บริษัท ซมโปะ ประกันภัย (ประเทศไทย) จำกัด (มหาชน)
B121: 1152 อาคารปัน ชั้น 23, 24 ถนนพระรามที่ 4 แขวงคลองเตย เขตคลองเตย กรุงเทพฯ 10110
B122: ศูนย์ลูกค้าสัมพันธ์ 02-119-3000 (จันทร์ - ศุกร์ เวลา 08:30 - 17:00 )
B123: อีเมลล์ cs@sompo.co.th
B125: ช่องทางการติดต่อธนาคาร : ธนาคาร ซีไอเอ็มบี ไทย จำกัด (มหาชน) ทุกสาขา , CIMB Thai Care Center 02-626-7777
B126: CIMB Thai Website (www.cimbthai.com )
C127: คำยินยอมเปิดเผยข้อมูล การไม่ให้ความยินยอม ไม่ส่งผลประการใดกับการซื้อ/รับประกันภัย/ใช้บริการอื่นใด ของบริษัท
C128: ข้าพเจ้ายินยอมให้บริษัท ซมโปะ ประกันภัย (ประเทศไทย) จำกัด มหาชน เก็บรวบรวม ใช้ เปิดเผย ข้อมูลของข้าพเจ้าตามเอกสารฉบับนี้
C129: เพื่อการเสนอขายผลิตภัณฑ์อื่นของบริษัท ยินยอม ไม่ยินยอม
B131: เสนอโดยนายหน้า | G131: เลขที่ใบอนุญาตนายหน้าประกันวินาศภัย
B132: ธนาคารซีไอเอ็มบีไทย สาขา | I132: วัน/เวลาเสนอขาย_____________________
B135: ข้าพเจ้าได้ทราบและเข้าใจข้อความข้างต้นเป็นอย่างดีโดยตลอดแล้ว เห็นว่าถูกต้องตรงตามเจตนารมณ์และความประสงค์ของข้าพเจ้าทุกประการ
B136: ลงชื่อผู้ขอเอาประกัน___________________________เบอร์โทร______________________วันที่__________________
C137: ( )
B140: (ก) ข้อมูลในเอกสารนี้เป็นเพียงข้อมูลเบื้องต้นเพื่อประกอบการขายเท่านั้น ลูกค้าควรศึกษาข้อมูลเพิ่มเติม เรื่องความคุ้มครอง ข้อกำหนด เงื่อนไข ข้อยกเว้น และผลประโยชน์จากกรมธรรม์ประกันภัย
B141: (ข) ลูกค้าควรทำความเข้าใจในเงื่อนไขและความคุ้มครองของแบบประกันภัยก่อนตัดสินใจสมัครทำประกันภัย
B142: (ค) ธนาคาร ซีไอเอ็มบี ไทย จำกัด (มหาชน) ในฐานะนายหน้าประกันวินาศภัย เป็นผู้นำเสนอผลิตภัณฑ์ด้านประกันวินาศภัย และอำนวยความสะดวกในการชำระเบี้ยประกันภัยเท่านั้น
B143: โดย บมจ. ซมโปะ ประกันภัย (ประเทศไทย) ในฐานะผู้รับประกันภัย เป็นผู้รับผิดชอบในเงื่อนไขความคุ้มครอง และสิทธิประโยชน์ตามเงื่อนไขที่ระบุไว้ในกรมธรรม์ประกันภัย

Sheet 02 PA แคร์พลัส_v0104
A6: ใบเสนอขายประกันภัย
D7: แบบประกันภัย | E7: : | F7: ประกันอุบัติเหตุ ซีไอเอ็มบี ไทย พีเอ แคร์พลัส
D9: เรียนเสนอ คุณ | E9: :
D11: อายุ | E11: : | F11: =ROUNDDOWN(YEARFRAC(TODAY(),DATE($L$11-543,VLOOKUP($K$11,Month!$B$2:$C$13,2,0),$J$11)),0) -> 60 | G11: ปี | H11: วัน/เดือน/ปี เกิด | J11: 22 | K11: เมษายน | L11: 2509
D12: แผนประกัน | E12: : | F12: แผน 1,000,000
D13: ระยะเวลาชำระเบี้ย | E13: : | F13: 1 ปี | G13: ระยะเวลาคุ้มครอง | I13: 1 ปี (รับประกันอายุ 16 ปี - 60 ปี ต่ออายุได้ถึง 70 ปี)
D14: เบี้ยประกันต่อปี | E14: : | F14: =VLOOKUP($F$11,'Rate PA'!A14:C59,MATCH(F12,'Rate PA'!A14:C14,0),0) -> 3970 | G14: บาท | H14: =IFERROR(F14,"อายุไม่อยู่ในกฏเกณฑ์การรับประกัน16-60ปี") -> 3970
B17: ผลประโยชน์ความคุ้มครอง
B18: บริษัทจะจ่ายผลประโยชน์ความคุ้มครองไม่เกินที่ระบุในตารางผลประโยชน์
B20: 1.การเสียชีวิต สูญเสียอวัยวะ สายตาหรือทุพพลภาพถาวรสิ้นเชิงจากอุบัติเหตุทั่วไป | J20: สูงสุดไม่เกิน | K20: =VLOOKUP(B20,'Rate PA'!$A$2:$C$12,MATCH($F$12,'Rate PA'!$A$1:$C$1,0),0) -> 1000000 | L20: บาท
B21: 2.การเสียชีวิต สูญเสียอวัยวะ สายตาหรือทุพพลภาพถาวรสิ้นเชิงจากการถูกฆาตกรรมหรือถูกทําร้ายร่างกาย | J21: สูงสุดไม่เกิน | K21: =K20 -> 1000000 | L21: บาท
B22: 3.การเสียชีวิต สูญเสียอวัยวะ สายตาหรือทุพพลภาพถาวรสิ้นเชิงขณะขับขี่หรือโดยสารรถจักรยานยนต์ | J22: สูงสุดไม่เกิน | K22: =VLOOKUP(B22,'Rate PA'!$A$2:$C$12,MATCH($F$12,'Rate PA'!$A$1:$C$1,0),0) -> 200000 | L22: บาท
B23: 4.การเสียชีวิต การสูญเสียอวัยวะ สายตา หรือทุพพลภาพถาวรสิ้นเชิง
B24: - จากอุบัติเหตุขณะโดยสารยานขนส่งสาธารณะ ทางบก ทางน้ำ ทางอากาศ (1) | J24: สูงสุดไม่เกิน | K24: =K21*2 -> 2000000 | L24: บาท
B25: - จากอุบัติเหตุขณะอยู่ในอาคารสาธารณะและลิฟท์ขนส่งสาธารณะ (2)
B26: 5.การรักษาพยาบาลกรณีเกิดจากอุบัติเหตุในแต่ละครั้งจ่ายตามจริง | J26: สูงสุดไม่เกิน | K26: =VLOOKUP(B26,'Rate PA'!$A$2:$C$12,MATCH($F$12,'Rate PA'!$A$1:$C$1,0),0) -> 30000 | L26: บาท
B27: 6.ค่าชดเชยรายได้ระหว่างการเข้ารักษาตัวในโรงพยาบาล อันเนื่องมาจากการบาดเจ็บจากอุบัติเหตุ | J27: วันละ | K27: =VLOOKUP(B27,'Rate PA'!$A$2:$C$12,MATCH($F$12,'Rate PA'!$A$1:$C$1,0),0) -> 1000 | L27: บาท
B28: ( สูงสุด 30 วัน ต่ออุบัติเหตุในแต่ละครั้ง)
B29: 7.ค่าปลงศพ กรณีเสียชีวิตเนื่องจากการเจ็บป่วย และอุบัติเหตุ | K29: =VLOOKUP(B29,'Rate PA'!$A$2:$C$12,MATCH($F$12,'Rate PA'!$A$1:$C$1,0),0) -> 50000 | L29: บาท
B31: คุณสมบัติของผู้เอาประกันภัยไม่ประกอบอาชีพดังต่อไปนี้ คนงานก่อสร้าง , มอเตอร์ไซด์รับจ้าง , พนักงานรับ/ส่งเอกสาร ,
B32: ลูกเรือประมง , พนักงานดับเพลิง , ทหาร , ตํารวจ, ทนายความ, หมอ, พยาบาล และเจ้าหน้าที่สาธารณะสุขที่เกี่ยวข้องกับการรักษาพยาบาล
C33: A1 : ท่านเคยมีกรมธรรม์ประกันอุบัติเหตุหรือประกันสุขภาพหรือไม่
C34: £ เคยมี £ ไม่เคยมี กรุณาดำเนินการในข้อ A2
C35: A2 : ข้าพเจ้า ........................................................ รับทราบ และมีความเข้าใจในผลิตภัณฑ์และได้รับการอธิบายจากพนักงานอย่างเข้าใจดีแล้ว
B37: การเสียชีวิต การสูญเสียอวัยวะ สายตา หรือทุพพลภาพถาวรสิ้นเชิงจากอุบัติเหตุทั่วไป (อบ.1) | M37: - เคยมี | N37: .
B38: บริษัทฯ จะจ่ายค่าทดแทนเพียงรายการที่สูงสุดรายการเดียว ดังนี้
B39: - การเสียชีวิต 100% ของจำนวนเงินเอาประกันภัย
B40: - การทุพพลภาพถาวรสิ้นเชิง 100% ของจำนวนเงินเอาประกันภัย
B41: - การสูญเสียมือ หรือเท้า หรือสายตาทั้ง 2 ข้าง 100% ของจำนวนเงินเอาประกันภัย
B42: - การสูญเสียมือ 1 ข้างและเท้า 1 ข้าง 100% ของจำนวนเงินเอาประกันภัย
B43: - การสูญเสียมือ 1 ข้างและสายตา 1 ข้าง 100% ของจำนวนเงินเอาประกันภัย
B44: - การสูญเสียเท้า 1 ข้างและสายตา 1 ข้าง 100% ของจำนวนเงินเอาประกันภัย
B45: - การสูญเสียมือ 1 ข้าง หรือเท้า 1 ข้าง หรือ สายตา 1 ข้าง 60% ของจำนวนเงินเอาประกันภัย
B46: (1) อุบัติเหตุในขณะโดยสารยานขนส่งสาธารณะ หมายถึง ยานพาหนะทางบก ทางน้ำ หรือทางอากาศ โดยผู้ขับขี่ที่มีใบอนุญาตและ
B47: ดำเนินการโดยผู้ได้รับอนุญาตตามกฎหมายให้ดำเนินการขนส่งผู้โดยสารที่ชำระค่าโดยสารและมีกำหนดการปฏิบัติงานตามเส้นทางและตารางประจำ
B48: โดยเกิดขึ้นในขณะกำลังขึ้นหรือกำลังลง หรืออยู่ในยานขนส่งสาธารณะในฐานะผู้โดยสารที่ชำระค่าโดยสาร
B49: (2) อุบัติเหตุสาธารณะ หมายถึง ขณะผู้เอาประกันภัยอยู่ในอาคารสาธารณะของรัฐหรือเอกชน ในเวลาที่เปิดให้บริการแก่บุคคลทั่วไป และเกิดไฟไหม้รวมถึงการกระโดดหนีไฟเพื่อรักษาชีวิต
... B51: รวมถึงขณะผู้เอาประกันภัยเป็นผู้โดยสารและเกิดอุบัติเหตุขึ้น รถไฟ รถไฟลอยฟ้า รถไฟฟ้าใต้ดิน รถโดยสารขนส่งมวลชน รถโดยสารบริษัทขนส่ง รวมทั้งรถตู้ขนส่งมวลชน
C52: ลูกค้าสามารถขอยกเลิกกรมธรรม์ได้ภายใน 15 วัน นับจากวันที่ผู้ซื้อประกันภัยได้รับกรมธรรม์แล้ว
C53: หากเกินกำหนดระยะเวลาดังกล่าว บริษัทจะคืนเบี้ยประกันภัยหลังจากหักเบี้ยประกันภัยสำหรับระยะเวลาที่กรมธรรม์ประกันภัยฉบับนี้ได้ใช้บังคับมาแล้วออก
C54: โดยคิดอัตราเบี้ยประกันภัยระยะสั้น (Short rate) ตามตารางที่ระบุในกรมธรรม์ แต่ถ้าหากมีการเรียกร้องสินไหมทดแทน จะไม่สามารถยกเลิกกรมธรรม์ได้
B55: หมายเหตุ
C56: 1. แผนประกันอุบัติเหตุ ซีไอเอ็มบี ไทย พีเอ แคร์พลัส เป็นชื่อทางการตลาด ส่วนในกรมธรรม์จะเป็นชื่อแบบประกัน
C57: "ประกันภัยอุบัติเหตุส่วนบุคคล SOMPO Safeguard"
C58: 2. แผนประกันอุบัติเหตุ ซีไอเอ็มบี ไทย พีเอ แคร์พลัส เป็นผลิตภัณฑ์ประกันภัยมิใช่ผลิตภัณฑ์เงินฝาก อาจจะได้รับเงินน้อยกว่าที่ได้ชำระมาแล้ว กรณียกเลิกหลังจากกรมธรรม์อนุมัติ
C59: 3. การนำส่งเบี้ยประกันภัยเป็นหน้าที่ของผู้เอาประกันภัย การที่นายหน้าประกันวินาศภัยเก็บเบี้ยประกันภัยเป็นการให้บริการเท่านั้น
C60: โดยศึกษาข้อมูลเพิ่มเติมได้จากคู่มือผู้เอาประกันภัย
C61: 4. การรับประกันภัยขึ้นอยู่กับเงื่อนไข และกฏเกณฑ์การพิจารณารับประกันภัยของ บริษัท ซมโปะ ประกันภัย (ประเทศไทย) จำกัด (มหาชน)
C62: 5. ผู้เอาประกันภัยสามารถนำเบี้ยประกันภัยสุขภาพตามที่จ่ายจริง แต่ไม่เกิน 25,000 บาท ทั้งนี้เมื่อรวมกับเบี้ยประกันชีวิตทุกกรมธรรม์มาใช้สิทธิลดหย่อน
C63: ภาษีสูงสุดไม่เกินปีละ 100,000 บาท โดยเป็นไปตามกฎเกณฑ์ของกรมสรรพากร (ตามประกาศอธิบดีกรมสรรพากรเกี่ยวกับภาษีเงินได้ฉบับที่ 383)
C64: 6. ระยะเวลาเอาประกันภัย 1 ปี โดยสามารถต่ออายุกรมธรรม์ตามเงื่อนไขสัญญา จนถึงระยะเวลาชำระเบี้ยประกันภัยที่ระบุไว้ข้างต้น
C65: 7. เบี้ยประกันภัยข้างต้นแตกต่างตามช่วงอายุ และแผนความคุ้มครองของผู้ขอเอาประกันภัย ทั้งนี้ขึ้นอยู่กับกฎเกณฑ์ของบริษัท
C66: 8. เบี้ยประกันภัยสำหรับปีต่ออายุอาจเปลี่ยนแปลงได้ตามกฎเกณฑ์ของบริษัท
B67: เสนอโดยนายหน้า | G67: เลขที่ใบอนุญาตนายหน้าประกันวินาศภัย
B68: ธนาคารซีไอเอ็มบีไทย สาขา | I68: วัน/เวลาเสนอขาย_____________________________
B71: ข้าพเจ้าได้ทราบและเข้าใจข้อความข้างต้นเป็นอย่างดีโดยตลอดแล้ว เห็นว่าถูกต้องตรงตามเจตนารมณ์และความประสงค์ของข้าพเจ้าทุกประการ
B72: ลงชื่อผู้ขอเอาประกัน_______________________________เบอร์โทร________________________วันที่______________________
D73: ( )
B75: (ก) ข้อมูลในเอกสารนี้เป็นเพียงข้อมูลเบื้องต้นเพื่อประกอบการขายเท่านั้น ลูกค้าควรศึกษาข้อมูลเพิ่มเติม เรื่องความคุ้มครอง ข้อกำหนด เงื่อนไข ข้อยกเว้น และผลประโยชน์จากกรมธรรม์ประกันภัย
B76: (ข) ลูกค้าควรทำความเข้าใจในเงื่อนไขและความคุ้มครองของแบบประกันภัยก่อนตัดสินใจสมัครทำประกันภัย
B77: (ค) ธนาคาร ซีไอเอ็มบี ไทย จำกัด (มหาชน) ในฐานะนายหน้าประกันวินาศภัย เป็นผู้นำเสนอผลิตภัณฑ์ด้านประกันวินาศภัย และอำนวยความสะดวกในการชำระเบี้ยประกันภัยเท่านั้น
B78: โดย บมจ. ซมโปะ ประกันภัย (ประเทศไทย) ในฐานะผู้รับประกันภัย เป็นผู้รับผิดชอบในเงื่อนไขความคุ้มครอง และสิทธิประโยชน์ตามเงื่อนไขที่ระบุไว้ในกรมธรรม์ประกันภัย
A87: ใบเสนอขายประกันภัย
A88: โครงการ | E88: =F7 -> ประกันอุบัติเหตุ ซีไอเอ็มบี ไทย พีเอ แคร์พลัส
C90: ข้อยกเว้นความคุ้มครองตามสัญญา
C91: ข้อมูลดังต่อไปนี้เป็นเพียงข้อมูลบางส่วนของข้อยกเว้นทั้งหมดเท่านั้น ผู้ขอเอาประกันภัยควรศึกษาข้อมูลเพิ่มเติมและตรวจสอบข้อยกเว้นจากกรมธรรม์หรือ
C92: สัญญาเพิ่มเติมต่างๆ ที่เกี่ยวข้อง
C93: แบบประกันภัย | G93: ตัวอย่างข้อยกเว้นความคุ้มครอง
C94: =F7 -> ประกันอุบัติเหตุ ซีไอเอ็มบี ไทย พีเอ แคร์พลัส | G94: - การไม่เปิดเผยความจริง หรือแถลงความเท็จในใบคำขอเอาประกันภัย
G95: อาจเป็นสาเหตุให้บริษัทปฏิเสธการจ่ายสินไหมทดแทนได้
G96: - การกระทำของผู้เอาประกันภัยขณะอยู่ภายใต้ฤทธิ์สุรา ตั้งแต่ 150 มิลลิกรัมเปอร์เซ็นต์ขึ้นไป
G97: หรือสารเสพติด หรือยาเสพติดให้โทษจนไม่สามารถครองสติได้
G98: - การฆ่าตัวตาย พยายามฆ่าตัวตาย หรือการทำร้ายร่างกายตนเอง
G99: - ขณะที่ผู้เอาประกันภัยเข้าร่วมทะเลาะวิวาทหรือมีส่วนยั่วยุให้เกิดการทะเลาะวิวาท
C101: การยกเลิกกรมธรรม์
C102: ผู้เอาประกันภัยสามารถบอกเลิกกรมธรรม์ประกันภัยโดยการบอกกล่าวเป็นลายลักษณ์อักษรถึงบริษัทได้ตลอด
C103: โดยบริษัทจะคืนเบี้ยประกันภัยหลังจากหักเบี้ยประกันภัยสำหรับระยะเวลาที่กรมธรรม์ประกันภัยฉบับนี้ได้ใช้บังคับ
C104: มาแล้วออก โดยคิดอัตราเบี้ยประกันภัยระยะสั้น ( Short rate ) ตามตารางที่ระบุในกรมธรรม์
C105: แต่ถ้าหากมีการเรียกร้องสินไหมทดแทนแล้ว จะไม่สามารถยกเลิกกรมธรรม์ได้
C107: วิธีการชำระเบี้ยสำหรับการสมัครทำประกันภัยใหม่และปีต่ออายุ ดังนี้
C108: - เงินสด
C109: - เช็ค
C110: - บัตรเครดิต
C112: ช่องทางการติดต่อ บริษัท ซมโปะ ประกันภัย (ประเทศไทย) จำกัด (มหาชน)
C113: 1152 อาคารปัน ชั้น 23, 24 ถนนพระรามที่ 4 แขวงคลองเตย เขตคลองเตย กรุงเทพฯ 10110
C114: ศูนย์ลูกค้าสัมพันธ์ 02-119-3000 (จันทร์ - ศุกร์ เวลา 08:30 - 17:00 )
... C128: เพื่อการเสนอขายผลิตภัณฑ์อื่นของบริษัท ยินยอม ไม่ยินยอม
B131: เสนอโดยนายหน้า | G131: เลขที่ใบอนุญาตนายหน้าประกันวินาศภัย
B132: ธนาคารซีไอเอ็มบีไทย สาขา | I132: วัน/เวลาเสนอขาย_____________________________
B135: ข้าพเจ้าได้ทราบและเข้าใจข้อความข้างต้นเป็นอย่างดีโดยตลอดแล้ว เห็นว่าถูกต้องตรงตามเจตนารมณ์และความประสงค์ของข้าพเจ้าทุกประการ
B136: ลงชื่อผู้ขอเอาประกัน_______________________________เบอร์โทร________________________วันที่______________________
C137: ( )
B141: (ก) ข้อมูลในเอกสารนี้เป็นเพียงข้อมูลเบื้องต้นเพื่อประกอบการขายเท่านั้น ลูกค้าควรศึกษาข้อมูลเพิ่มเติม เรื่องความคุ้มครอง ข้อกำหนด เงื่อนไข ข้อยกเว้น และผลประโยชน์จากกรมธรรม์ประกันภัย
B142: (ข) ลูกค้าควรทำความเข้าใจในเงื่อนไขและความคุ้มครองของแบบประกันภัยก่อนตัดสินใจสมัครทำประกันภัย
B143: (ค) ธนาคาร ซีไอเอ็มบี ไทย จำกัด (มหาชน) ในฐานะนายหน้าประกันวินาศภัย เป็นผู้นำเสนอผลิตภัณฑ์ด้านประกันวินาศภัย และอำนวยความสะดวกในการชำระเบี้ยประกันภัยเท่านั้น
B144: โดย บมจ. ซมโปะ ประกันภัย (ประเทศไทย) ในฐานะผู้รับประกันภัย เป็นผู้รับผิดชอบในเงื่อนไขความคุ้มครอง และสิทธิประโยชน์ตามเงื่อนไขที่ระบุไว้ในกรมธรรม์ประกันภัย

Sheet 03 เฮลธ์  แคร์ พลัส
A6: ใบเสนอขายประกันภัย
D7: โครงการ | E7: : | F7: ประกันสุขภาพ ซีไอเอ็มบี ไทย เฮลธ์ แคร์ พลัส
D9: เรียนเสนอ คุณ | E9: :
D11: อายุ | E11: : | F11: =ROUNDDOWN(YEARFRAC(TODAY(),DATE($M$11-543,VLOOKUP($L$11,Month!$B$2:$C$13,2,0),$K$11)),0) -> 31 | G11: ปี | H11: วัน/เดือน/ปี เกิด | K11: 29 | L11: ธันวาคม | M11: 2537
D12: แผนประกัน | E12: : | F12: แผน 100,000 | I12: กรณีผู้ขอเอาประกันภัยมีอายุมากกว่า 60 ปีขึ้นไป โปรดดำเนินการในข้อ A2 ด้านล่าง
D13: ระยะเวลาชำระเบี้ย | E13: : | F13: 1 ปี | G13: ระยะเวลาคุ้มครอง | I13: 1 ปี (รับประกันอายุ 18 ปี - 65 ปี ต่ออายุได้ถึง 70 ปี)
D14: เบี้ยประกันต่อปี | E14: : | F14: =VLOOKUP(IF($F$11<18,"<18",IF($F$11<26,"18-25",IF($F$11<31,"26-30",IF($F$11<36,"31-35",IF($F$11<41,"36-40",IF($F$11<46,"41-45",IF($F$11<51,"46-50",IF($F$11<56,"51-55",IF($F$11<61,"56-60",IF($F$11<66,"61-65",IF($F$11>70,">70",""))))))))))),'Rate Health'!$J$35:$AD$45,MATCH('03 เฮลธ์ แคร์ พลัส'!$F$12,'Rate Health'!$K$34:$AD$34,0)+1,0) -> 8500 | G14: บาท | H14: =IFERROR(F14,"อายุไม่อยู่ในกฏเกณฑ์การรับประกัน18-65ปี") -> 8500
B17: ผลประโยชน์ความคุ้มครอง
B18: บริษัทจะจ่ายผลประโยชน์ความคุ้มครอง ตามที่จ่ายจริง แต่ไม่เกินที่ระบุในตารางผลประโยชน์ ต่อการบาดเจ็บหรือการเจ็บป่วยแต่ละครั้ง
B20: ผลประโยชน์สูงสุดต่อการเข้าพักรักษาตัวเป็นผู้ป่วยในครั้งใดครั้งหนึ่ง (1) | L20: =VLOOKUP(F12,'Rate Health'!$AG$4:$AH$23,2,0) -> 100000 | M20: บาท
B21: หมวด 1. ค่าห้อง และค่าอาหาร ค่าบริการในโรงพยาบาล (ผู้ป่วยใน) ต่อการเข้าพักรักษาตัวจากการบาดเจ็บหรือการเจ็บป่วยครั้งใดครั้งหนึ่ง ต่อวัน
C22: - ค่าห้องทั่วไป และค่าอาหาร ค่าบริการในโรงพยาบาล ต่อการเข้าพักรักษาเป็นผู้ป่วยในครั้งใดครั้งหนึ่ง ต่อวัน สูงสุดไม่เกิน 30 วัน | L22: =VLOOKUP(L20,'Rate Health'!$AH$4:$AI$23,2,0) -> 1000 | M22: บาท
C23: - ค่าห้องผู้ป่วยวิกฤติ (Intensive Care Inpatient Room) ค่าอาหาร ค่าบริการในโรงพยาบาล ต่อวัน สูงสุดไม่เกิน 15 วัน | L23: =L22*2 -> 2000 | M23: บาท
C24: และเมื่อรวมกับห้องผู้ป่วยปกติแล้ว ไม่เกิน 30 วัน
B25: หมวด 2. ค่าบริการทางการแพทย์เพื่อการตรวจวินิจฉัยหรือบำบัดรักษา ค่าบริการโลหิตและส่วนประกอบของโลหิต
B26: ค่าบริการทางการพยาบาล ค่ายา ค่าสารอาหารทางหลอดเลือด และค่าเวชภัณฑ์
C27: 2.1 ค่าบริการทางการแพทย์เพื่อการตรวจวินิจฉัย | L27: จ่ายตามจริง | M27: บาท
C28: 2.2 ค่าบริการทางการแพทย์เพื่อการบำบัดรักษา ค่าบริการโลหิตและส่วนประกอบของโลหิต และค่าบริการทางการพยาบาล
C29: 2.3 ค่ายา ค่าสารอาหารทางหลอดเลือด และค่าเวชภัณฑ์
C30: 2.4 ค่ายา และค่าเวชภัณฑ์สิ้นเปลือง (เวชภัณฑ์ 1) สำหรับกลับบ้าน
B31: หมวด 3. ค่าผู้ประกอบวิชาชีพเวชกรรม (แพทย์) ตรวจรักษา | L31: จ่ายตามจริง | M31: บาท
B32: หมวด 4. ค่ารักษาพยาบาลโดยการผ่าตัด (ศัลยกรรม) และหัตถการ
C33: 4.1 ค่าห้องผ่าตัด และค่าห้องทำหัตถการ | L33: จ่ายตามจริง | M33: บาท
C34: 4.2 ค่ายา ค่าสารอาหารทางหลอดเลือด ค่าเวชภัณฑ์ และค่าอุปกรณ์การผ่าตัดและหัตถการ
C35: 4.3 ค่าผู้ประกอบวิชาชีพเวชกรรม ทำศัลยกรรมและหัตถการ สำหรับแพทย์ทำศัลยกรรม หัตถการ (รวมแพทย์ผู้ช่วยผ่าตัด) (Doctor fee)
C36: 4.4 ค่าผู้ประกอบวิชาชีพเวชกรรม วิสัญญีแพทย์ (Doctor fee)
C37: 4.5 ค่ารักษาพยาบาลโดยการผ่าตัดเปลี่ยนอวัยวะ | L37: 50000 | M37: บาท
B38: หมวด 5. การผ่าตัดใหญ่ที่ไม่ต้องเข้าพักรักษาตัวเป็นผู้ป่วยใน (Day Surgery) (เฉพาะค่าทำศัลยกรรมและหัตถการ) | L38: จ่ายตามจริง | M38: บาท
B39: หมวด 6. ค่าบริการทางการแพทย์เพื่อตรวจวินิจฉัยที่เกี่ยวข้องโดยตรงก่อนและหลังการเข้าพักรักษาตัวเป็นผู้ป่วยใน หรือค่ารักษาพยาบาลผู้ป่วยนอก
B40: ที่ต่อเนื่องที่เกี่ยวข้องโดยตรงหลังการเข้าพักรักษาตัวเป็นผู้ป่วยใน
C41: 6.1 ค่าบริการทางการแพทย์เพื่อการตรวจวินิจฉัยที่เกี่ยวข้องโดยตรงและเกิดขึ้นภายใน 30 วัน ก่อนและหลังการเข้าพักรักษาตัว | L41: จ่ายตามจริง | M41: บาท
C42: 6.2 ค่ารักษาพยาบาลผู้ป่วยนอกหลังการเข้าพักรักษาตัวเป็นผู้ป่วยในต่อครั้ง สำหรับการรักษาพยาบาลต่อเนื่อง ภายใน 30 วัน
C43: หลังจากออกจากการเข้าพักรักษาเป็นผู้ป่วยในครั้งนั้น (ไม่รวมค่าบริการทางการแพทย์เพื่อตรวจวินิจฉัย)
B44: หมวด 7. ค่ารักษาพยาบาลการบาดเจ็บ กรณีผู้ป่วยนอก ภายใน 24 ชั่วโมง ของการเกิดอุบัติเหตุต่อครั้ง | L44: =VLOOKUP(L20,'Rate Health'!$AH$4:$AJ$23,3,0) -> 20000 | M44: บาท
B45: หมวด 8. ค่าเวชศาสตร์ฟื้นฟู หลังการเข้าพักรักษาตัวเป็นผู้ป่วยใน | L45: จ่ายตามจริง | M45: บาท
B46: หมวด 9. ค่าบริการทางการแพทย์เพื่อการบำบัดรักษาโรคไตวายเรื้อรัง โดยการล้างไตผ่านทางเส้นเลือด | L46: 50000 | M46: บาท
B47: ต่อรอบปีกรมธรรม์ประกันภัย
B48: หมวด 10. ค่าบริการทางการแพทย์เพื่อการบำบัดรักษาโรคเนื้องอกหรือมะเร็ง โดยรังสีรักษา รังสีร่วมรักษา | L48: จ่ายตามจริง | M48: บาท
B49: เวชศาสตร์นิวเคลียร์รักษา ต่อรอบปีกรมธรรม์ประกันภัย
B50: หมวด 11. ค่าบริการทางการแพทย์เพื่อการบำบัดรักษาโรคมะเร็ง โดยเคมีบำบัด | L50: จ่ายตามจริง | M50: บาท
B51: รวมถึงการรักษาแบบออกฤทธิ์จำเพาะเจาะจงต่อเซลล์มะเร็ง (Targeted Therapy) ต่อรอบปีกรมธรรม์ประกันภัย
B52: หมวด 12. ค่าบริการรถพยาบาลฉุกเฉิน | L52: 5000 | M52: บาท
B53: หมวด 13. ค่ารักษาพยาบาล โดยการผ่าตัดเล็ก | L53: จ่ายตามจริง | M53: บาท
B55: (1) การพักรักษาเป็นผู้ป่วยในครั้งใดครั้งหนึ่ง หมายถึง การเข้าพักรักษาตัวเป็นผู้ป่วยใน หรือการรักษาด้วยการผ่าตัดใหญ่ที่ไม่ต้องเข้าพักรักษาตัวเป็นผู้ป่วยใน (Day Surgery)
B56: ในโรงพยาบาล หรือสถานพยาบาล แต่ละครั้ง และให้รวมถึงการเข้าพักรักษาตัวเป็นผู้ป่วยใน หรือการรักษาด้วยการผ่าตัดใหญ่ที่ไม่ต้องเข้าพักรักษาตัวเป็นผู้ป่วยใน (Day Surgery)
B57: ในโรงพยาบาลหรือสถานพยาบาลไม่ว่ากี่ครั้งก็ตาม ด้วยเหตุจากการบาดเจ็บหรือการป่วยเดียวกัน และยังรักษาไม่หาย รวมถึงภาวะแทรกซ้อนที่เกี่ยวข้อง หรือต่อเนื่องกัน
B58: ทั้งนี้ ภายในระยะเวลา 90 วัน นับแต่วันที่ออกจากโรงพยาบาล หรือสถานพยาบาลครั้งสุดท้าย ก็ให้ถือว่าเป็นการเข้าพักรักษาตัวครั้งเดียวกันด้วย
B59: A1 : ท่านเคยมีกรมธรรม์ประกันอุบัติเหตุหรือประกันสุขภาพหรือไม่
B60: £ เคยมี £ ไม่เคยมี กรุณาดำเนินการในข้อ A2
B61: A2 : ข้าพเจ้า ........................................................ รับทราบ และมีความเข้าใจในผลิตภัณฑ์และได้รับการอธิบายจากพนักงานอย่างเข้าใจดีแล้ว
B62: ลูกค้าสามารถขอยกเลิกกรมธรรม์ได้ภายใน 15 วัน นับจากวันที่ผู้ซื้อประกันภัยได้รับกรมธรรม์แล้ว
B63: หากเกินกำหนดระยะเวลาดังกล่าว บริษัทจะคืนเบี้ยประกันภัยหลังจากหักเบี้ยประกันภัยสำหรับระยะเวลาที่กรมธรรม์ประกันภัยฉบับนี้ได้ใช้บังคับมาแล้วออก
B64: โดยคิดอัตราเบี้ยประกันภัยระยะสั้น (Short rate) ตามตารางที่ระบุในกรมธรรม์ แต่ถ้าหากมีการเรียกร้องสินไหมทดแทน จะไม่สามารถยกเลิกกรมธรรม์ได้
B66: เสนอโดยนายหน้า | H66: เลขที่ใบอนุญาตนายหน้าประกันวินาศภัย
B67: ธนาคารซีไอเอ็มบีไทย สาขา | I67: วัน/เวลาเสนอขาย_____________________________
B70: ข้าพเจ้าได้ทราบและเข้าใจข้อความข้างต้นเป็นอย่างดีโดยตลอดแล้ว เห็นว่าถูกต้องตรงตามเจตนารมณ์และความประสงค์ของข้าพเจ้าทุกประการ
B71: ลงชื่อผู้ขอเอาประกัน_______________________________เบอร์โทร________________________วันที่______________________
D72: ( )
B75: (ก) ข้อมูลในเอกสารนี้เป็นเพียงข้อมูลเบื้องต้นเพื่อประกอบการขายเท่านั้น ลูกค้าควรศึกษาข้อมูลเพิ่มเติม เรื่องความคุ้มครอง ข้อกำหนด เงื่อนไข ข้อยกเว้น และผลประโยชน์จากกรมธรรม์ประกันภัย
B76: (ข) ลูกค้าควรทำความเข้าใจในเงื่อนไขและความคุ้มครองของแบบประกันภัยก่อนตัดสินใจสมัครทำประกันภัย
B77: (ค) ธนาคาร ซีไอเอ็มบี ไทย จำกัด (มหาชน) ในฐานะนายหน้าประกันวินาศภัย เป็นผู้นำเสนอผลิตภัณฑ์ด้านประกันวินาศภัย และอำนวยความสะดวกในการชำระเบี้ยประกันภัยเท่านั้น
B78: โดย บมจ. ซมโปะ ประกันภัย (ประเทศไทย) ในฐานะผู้รับประกันภัย เป็นผู้รับผิดชอบในเงื่อนไขความคุ้มครอง และสิทธิประโยชน์ตามเงื่อนไขที่ระบุไว้ในกรมธรรม์ประกันภัย
A85: ใบเสนอขายประกันภัย
A86: โครงการ | E86: =F7 -> ประกันสุขภาพ ซีไอเอ็มบี ไทย เฮลธ์ แคร์ พลัส
B87: หมายเหตุ
C88: 1. แผนประกันสุขภาพ ซีไอเอ็มบี ไทย เฮลธ์ แคร์ พลัส เป็นชื่อทางการตลาด ส่วนในกรมธรรม์จะเป็นชื่อแบบประกัน
C89: "ประกันภัยอุบัติเหตุและสุขภาพส่วนบุคคล SOMPO ENJOY PLUS "
C90: 2. แผนประกันสุขภาพ ซีไอเอ็มบี ไทย เฮลธ์ แคร์ พลัส เป็นผลิตภัณฑ์ประกันภัยมิใช่ผลิตภัณฑ์เงินฝาก
C91: 3. การนำส่งเบี้ยประกันภัยเป็นหน้าที่ของผู้เอาประกันภัย การที่นายหน้าประกันวินาศภัยเก็บเบี้ยประกันภัยเป็นการให้บริการเท่านั้น โดยศึกษาข้อมูลเพิ่มเติมได้จากคู่มือผู้เอาประกันภัย
C92: 4. การรับประกันภัยขึ้นอยู่กับเงื่อนไข และกฏเกณฑ์การพิจารณารับประกันภัยของ บริษัท ซมโปะ ประกันภัย (ประเทศไทย) จำกัด (มหาชน)
C93: 5. วิธีการชำระเบี้ย สำหรับการสมัครทำประกันภัยใหม่และปีต่ออายุ ดังนี้ เงินสด เช็ค บัตรเครดิต
C94: 6. ผู้เอาประกันภัยสามารถนำเบี้ยประกันภัยสุขภาพตามที่จ่ายจริง แต่ไม่เกิน 25,000 บาท ทั้งนี้เมื่อรวมกับเบี้ยประกันชีวิตทุกกรมธรรม์มาใช้สิทธิลดหย่อน
C95: ภาษีสูงสุดไม่เกินปีละ 100,000 บาท โดยเป็นไปตามกฎเกณฑ์ของกรมสรรพากร (ตามประกาศอธิบดีกรมสรรพากรเกี่ยวกับภาษีเงินได้ฉบับที่ 383)
C96: 7. ระยะเวลาเอาประกันภัย 1 ปี โดยสามารถต่ออายุกรมธรรม์ตามเงื่อนไขสัญญา จนถึงระยะเวลาชำระเบี้ยประกันภัยที่ระบุไว้ข้างต้น
C97: 8. เบี้ยประกันภัยข้างต้นแตกต่างตามช่วงอายุ และแผนความคุ้มครองของผู้ขอเอาประกันภัย ทั้งนี้ขึ้นอยู่กับกฎเกณฑ์ของบริษัท
C98: 9. เบี้ยประกันภัยสำหรับปีต่ออายุอาจเปลี่ยนแปลงได้ตามกฎเกณฑ์ของบริษัท
C99: ข้อยกเว้นความคุ้มครองตามสัญญา
C100: ข้อมูลดังต่อไปนี้เป็นเพียงข้อมูลบางส่วนของข้อยกเว้นทั้งหมดเท่านั้น ผู้ขอเอาประกันภัยควรศึกษาข้อมูลเพิ่มเติมและตรวจสอบข้อยกเว้นจากกรมธรรม์
C101: แบบประกันภัย | G101: ตัวอย่างข้อยกเว้นความคุ้มครอง
C102: =F7 -> ประกันสุขภาพ ซีไอเอ็มบี ไทย เฮลธ์ แคร์ พลัส | G102: - การไม่เปิดเผยความจริง หรือแถลงความเท็จในใบคำขอเอาประกันภัย
G103: อาจเป็นสาเหตุให้บริษัทปฏิเสธการจ่ายสินไหมทดแทนได้
G104: - สภาพที่เป็นมาก่อนการเอาประกันภัย (Pre-existing Condition)
G105: - การตรวจสุขภาพทั่วไป การร้องขอเข้าอยู่รักษาตัวในโรงพยาบาล หรือสถานพยาบาลเวชกรรม
G106: - โรคที่เกิดจากอาการของการติดเชื้อ HIV หรือภาวะของโรคเอดส์ (AIDS)
C107: ระยะเวลาที่ไม่คุ้มครอง ( Waiting Period )
C108: บริษัทจะไม่จ่ายผลประโยชน์ตามกรมธรรม์ประกันภัยนี้สำหรับการเจ็บป่วยใดๆที่เกิดขึ้นในระยะเวลา 30 วัน หลังจากที่กรมธรรม์ประกันภัยมีผลบังคับ
C109: เป็นครั้งแรกตามที่ระบุในหน้าตารางกรมธรรม์ประกันภัย และบริษัทจะไม่จ่ายผลประโยชน์ตามกรมธรรม์ประกันภัยนี้สำหรับการเจ็บป่วยดังต่อไปนี้
C110: ที่เกิดขึ้นในระยะเวลา 120 วัน หลังจากที่กรมธรรม์ประกันภัยมีผลบังคับเป็นครั้งแรก
C111: 1.เนื้องอก ถุงน้ำ หรือมะเร็งทุกชนิด | E111: 2.ริดสีดวงทวาร | H111: 3.ไส้เลื่อนทุกชนิด | L111: 4.ต้อเนื้อ หรือต้อกระจก
C112: 5.การตัดทอนซิล หรืออดีนอยด์ | E112: 6.นิ่วทุกชนิด | H112: 7.เส้นเลือดขอดที่ขา | L112: 8.เยื่อบุโพรงมดลูกเจริญผิดที่
C114: ความคุ้มครองค่าใช้จ่ายสำหรับการรักษาหรือหัตถการดังต่อไปนี้ (ที่มิได้อยู่รักษาตัวในโรงพยาบาลหรือสถานพยาบาลเวชกรรมแบบผู้ป่วยใน)
C115: หากผู้เอาประกันภัยบาดเจ็บหรือเจ็บป่วย ซึ่งต้องเข้ารับการรักษาหรือหัตถการ ตามความจำเป็นทางการแพทย์ในฐานะผู้ป่วยในแต่เนื่องจากวิวัฒนาการ
C116: ทางการแพทย์ทำให้การตรวจรักษานั้นผู้เอาประกันภัยไม่จำเป็นต้องพักรักษาตัวในโรงพยาบาล บริษัทฯจะจ่ายค่าใช้จ่ายที่เกิดขึ้นสำหรับการตรวจรักษา
C117: ที่เกิดขึ้นโดยเข้ารับการรักษาหรือหัตถการ ดังต่อไปนี้ โดยเสมือนว่าผู้เอาประกันภัยได้เข้ารับการตรวจรักษาในฐานะผู้ป่วยในตามผลประโยชน์ความคุ้มครอง
C118: ที่ผู้เอาประกันภัยได้รับความคุ้มครอง
C120: 1.การสลายนิ่ว | G120: 8.การตัดก้อนเนื้อที่เต้านม | K120: 15.การเจาะช่องเยื่อหุ้มไขสันหลัง
C121: 2.การตรวจเส้นเลือดหัวใจโดยการฉีดสี | G121: 9.การตัดชิ้นเนื้อจากกระดูก | K121: 16.การเจาะช่องเยื่อหุ้มปอด
C122: 3.การผ่าตัดต้อกระจก | G122: 10.การตัดชิ้นเนื้อเพื่อการวินิจฉัยจากอวัยวะใดๆ | K122: 17.การเจาะช่องเยื่อบุช่องท้อง
C123: 4.การผ่าตัดโดยการส่องกล้องทุกชนิด | G123: 11.การตัดนิ้วมือหรือนิ้วเท้า | K123: 18.การขูดมดลูก
C124: 5.การตรวจโดยการส่องกล้องทุกชนิด | G124: 12.การจัดกระดูกให้เข้าที่ | K124: 19.การตัดชิ้นเนื้อจากปากมดลูก
...

Sheet 04 โฮม แคร์
A6: ใบเสนอขายประกันภัย
D7: แบบประกันภัย | E7: : | F7: ประกันภัย ซีไอเอ็มบี ไทย โฮม แคร์
D9: เรียนเสนอ คุณ | E9: : | F9: คุณเบญจมาศ ธรรมจรุงวงศ์
D11: แผนประกัน | E11: : | F11: 5 ปี
D12: ระยะเวลาชำระเบี้ย | E12: : | F12: 1 ปี | G12: ระยะเวลาคุ้มครอง | I12: =F11 -> 5 ปี
D13: เบี้ยประกันต่อปี | E13: : | F13: =VLOOKUP(I12,'Rate HC'!A30:E34,5,0) -> 6799.9987 | G13: บาท
B16: ผลประโยชน์ความคุ้มครอง | K16: จำนวนเงินเอาประกันภัย
B17: ความคุ้มครองการประกันอัคคีภัย | K17: (บาท /ต่อปี)
B19: - คุ้มครองการสูญเสียหรือความเสียหายของสิ่งปลูกสร้าง และทรัพย์สินภายในสิ่งปลูกสร้างจาก ไฟไหม้ ฟ้าผ่า ระเบิด ภัยจากการเฉี่ยว และหรือการชนของยานพาหนะหรือสัตว์พาหนะ ภัยอากาศยาน ภัยเนื่องจากน้ำ (ไม่รวมน้ำท่วม) | K19: 500000 | L19: บาท
B20: ขยายความคุ้มครอง
B21: - กลุ่มภัยธรรมชาติ
C22: ภัยจากลมพายุ | K22: 500000 | L22: บาท
C23: ภัยจากแผ่นดินไหว หรือภูเขาไฟระเบิด หรือคลื่นใต้น้า หรือสึนามิ | K23: 500000 | L23: บาท
C24: ภัยจากลูกเห็บ | K24: 500000 | L24: บาท
C25: ภัยจากน้ำท่วม | K25: 50000 | L25: บาท
B26: - ความสูญเสียหรือความเสียหายต่อเครื่องไฟฟ้า | K26: 50000 | L26: บาท
B27: - ค่าใช้จ่ายสำหรับค่าเช่าที่อยู่อาศัยชั่วคราว* วันละ 1,000 บาท และสูงสุดตลอดอายุกรมธรรม์ไม่เกิน | K27: 50000 | L27: บาท
B28: - ความสูญเสียหรือความเสียหายต่อโบราณวัตถุหรือศิลปวัตถุ** สูงสุดตลอดอายุกรมธรรม์ไม่เกิน | K28: 10000 | L28: บาท
B29: - ความสูญเสียหรือความเสียหายต่อทรัพย์สินส่วนบุคคล*** สูงสุดตลอดอายุกรมธรรม์ไม่เกิน | K29: 10000 | L29: บาท
B30: หมวดการประกันภัยโจรกรรม
B31: - ความสูญเสียหรือความเสียหายของทรัพย์สิน ภายในตัวอาคาร อันเกิดจากการลักทรัพย์ ที่ปรากฏร่องรอยงัดแงะ หรือการชิงทรัพย์ หรือการปล้นทรัพย์ รวมถึงความเสียหายต่ออาคาร/ สิ่งปลูกสร้างอันเกิดจากการกระทำที่ได้รับความคุ้มครอง | K31: 50000 | L31: บาท
B32: หมวดการประกันภัยสำหรับเงิน
B33: - ความเสียหายของเงินภายในอาคารสถานที่เอาประกันภัย อันเกิดจากการชิงทรัพย์ ปล้นทรัพย์ และ/หรือ ความเสียหายของเงินภายในตู้นิรภัยหรือห้องนิรภัย อันเกิดจากการการโจรกรรมเงิน | K33: 50000 | L33: บาท
B34: หมวดการประกันภัยกระจก - ความเสียหายที่ทำให้กระจกแตก (ซึ่งไม่รวมถึงการเสียรูปหรือเสียหายนอกจากการร้าวตลอดความหนาของกระจก ความเสียหายที่เกิดในระหว่างการขนส่งหรือติดตั้ง หรือถอดถอน หรือเกี่ยวเนื่องโดยตรง และโดยอ้อมจากอัคคีภีย เป็นต้น) | K34: 50000 | L34: บาท
B35: หมวดความรับผิดต่อบุคคลภายนอก**** - การเสียชีวิต, บาดเจ็บ หรือทรัพย์สินของบุคคลภายนอกเสียหาย สูงสุดตลอดระยะเวลาเอาประกันภัยไม่เกิน | K35: 500000 | L35: บาท
B36: หมวดเงินชดเชยกรณีการเสียชีวิต ของผู้เอาประกันภัย คู่สมรส และ/หรือบุตร
B37: - จากอัคคีภัยและภัยเพิ่ม และจากภัยโจรกรรม ทีเกิดขึ้นภายในสถานทีเอาประกันภัย 100,000 บาท ต่อราย สูงสุด / ครั้งไม่เกิน | K37: 300000 | L37: บาท
B38: บริษัทจะจ่ายทดแทนความเสียหาย ไม่เกินจำนวนเงินเอาประกันภัยที่ระบุในตารางผลประโยชน์ความคุ้มครอง
B39: *ความคุ้มครองค่าเช่าที่อยู่อาศัยชั่วคราว จะชดใช้เป็นจำนวนเงินวันละ 1,000 บาท และสูงสุดตลอดอายุกรมธรรม์ไม่เกิน 50,000 บาท กรณีหากความเสียหายคิดเป็นมูลค่ามากกว่า 50% ของมูลค่าการจัดทดแทนโดยการสร้างขึ้นใหม่ **โบราณวัตถุหรือศิลปวัตถุ เช่น พระเครื่อง พระพุทธรูป ศิลาจารึก รูปปั้น รูปหล่อ ภาพเขียน รูปปั้น เครื่องลายคราม ฯลฯ ***ทรัพย์สินส่วนบุคคล หมายถึง ทรัพย์สินที่พกพาติดตัวได้ เช่น นาฬิกาข้อมือ โทรศัพท์มือถือ บัตรเติมเงินโทรศัพท์ คอมพิวเตอร์แบบกระเป๋าหิ้ว (Notebook) หรือแบบพกพา กล้องถ่ายรูปทุกประเภท กล้องวีดีโอ ฯลฯ ****บุคคลภายนอก ไม่รวมถึง ผู้เอาประกันภัย, ลูกจ้างของผู้เอาประกันภัย ผู้กระทำการแทน, บิดา มารดา บุตร คู่สมรส ญาติ หรือบุคคลที่พักอาศัยอยู่ร่วมกันในสถานที่เอาประกันภัย
C40: A1 : ท่านเคยมีกรมธรรม์ประกันอัคคีภัยหรือประกันภัยทรัพย์สินหรือไม่
C41: £ เคยมี £ ไม่เคยมี กรุณาดำเนินการในข้อ A2
C42: A2 : ข้าพเจ้า ........................................................ รับทราบ และมีความเข้าใจในผลิตภัณฑ์และได้รับการอธิบายจากพนักงานอย่างเข้าใจดีแล้ว
B43: หมายเหตุ
C44: 1. แผนประกันภัย ซีไอเอ็มบี ไทย โฮม แคร์ เป็นชื่อทางการตลาด ส่วนในกรมธรรม์จะเป็นชื่อแบบประกัน "ประกันอัคคีภัย รักษ์บ้าน"
C45: 2. แผนประกันภัย ซีไอเอ็มบี ไทย โฮม แคร์ เป็นผลิตภัณฑ์ประกันภัยมิใช่ผลิตภัณฑ์เงินฝาก
C46: 3. การนำส่งเบี้ยประกันภัยเป็นหน้าที่ของผู้เอาประกันภัย การที่นายหน้าประกันวินาศภัยเก็บเบี้ยประกันภัยเป็นการให้บริการเท่านั้น
C47: โดยศึกษาข้อมูลเพิ่มเติมได้จากคู่มือผู้เอาประกันภัย
C48: 4. การรับประกันภัยและการจ่ายผลประโยชน์ต่างๆ จะเป็นไปตามที่กำหนดไว้ในกรมธรรม์ประกันภัย บมจ. ซมโปะ ประกันภัย (ประเทศไทย)
C49: 5. รับประกันอาคารสิ่งปลูกสร้างอายุไม่เกิน 20 ปี
C50: 6. รับประกันภัยเฉพาะทรัพย์สินที่อยู่ภายในอาคารที่เป็นคอนกรีตล้วน หรือลักษณะตึก (สิ่งปลูกสร้างชั้น 1)
C51: 7. สามารถต่ออายุกรมธรรม์ตามเงื่อนไขในสัญญากรมธรรม์
C52: 8. เบี้ยประกันภัยข้างต้นแตกต่างตามแผนความคุ้มครองของผู้ขอเอาประกันภัย ทั้งนี้ขึ้นอยู่กับกฎเกณฑ์ของบริษัท
C53: 9. เบี้ยประกันภัยสำหรับปีต่ออายุอาจเปลี่ยนแปลงได้ตามกฎเกณฑ์ของบริษัท
B54: เสนอโดยนายหน้า | H54: เลขที่ใบอนุญาตนายหน้าประกันวินาศภัย
B55: ธนาคารซีไอเอ็มบีไทย สาขา | I55: วัน/เวลาเสนอขาย____________________________
B57: ข้าพเจ้าได้ทราบและเข้าใจข้อความข้างต้นเป็นอย่างดีโดยตลอดแล้ว เห็นว่าถูกต้องตรงตามเจตนารมณ์และความประสงค์ของข้าพเจ้าทุกประการ
B58: ลงชื่อผู้ขอเอาประกัน_______________________________เบอร์โทร_________________________วันที่_____________________
C59: ( )
B61: (ก) ข้อมูลในเอกสารนี้เป็นเพียงข้อมูลเบื้องต้นเพื่อประกอบการขายเท่านั้น ลูกค้าควรศึกษาข้อมูลเพิ่มเติม เรื่องความคุ้มครอง ข้อกำหนด เงื่อนไข ข้อยกเว้น และผลประโยชน์จากกรมธรรม์ประกันภัย
B62: (ข) ลูกค้าควรทำความเข้าใจในเงื่อนไขและความคุ้มครองของแบบประกันภัยก่อนตัดสินใจสมัครทำประกันภัย
B63: (ค) ธนาคารซีไอเอ็มบีไทย จำกัด (มหาชน) ในฐานะนายหน้าประกันวินาศภัย เป็นผู้นำเสนอผลิตภัณฑ์ด้านประกันวินาศภัย และอำนวยความสะดวกในการชำระเบี้ยประกันภัยเท่านั้น
B64: โดย บมจ. ซมโปะ ประกันภัย (ประเทศไทย) ในฐานะผู้รับประกันภัย เป็นผู้รับผิดชอบในเงื่อนไขความคุ้มครอง และสิทธิประโยชน์ตามเงื่อนไขที่ระบุไว้ในกรมธรรม์ประกันภัย
A71: ใบเสนอขายประกันภัย
A72: โครงการ | E72: =F7 -> ประกันภัย ซีไอเอ็มบี ไทย โฮม แคร์
C74: ข้อยกเว้นความคุ้มครองตามสัญญา
C75: ข้อมูลดังต่อไปนี้เป็นเพียงข้อมูลบางส่วนของข้อยกเว้นทั้งหมดเท่านั้น ผู้ขอเอาประกันภัยควรศึกษาข้อมูลเพิ่มเติมและตรวจสอบข้อยกเว้นจากกรมธรรม์หรือ
C76: สัญญาเพิ่มเติมต่างๆ ที่เกี่ยวข้อง
C77: แบบประกันภัย | G77: ตัวอย่างข้อยกเว้นความคุ้มครอง
C78: =F7 -> ประกันภัย ซีไอเอ็มบี ไทย โฮม แคร์ | G78: - ความเสียหายต้นฉบับหรือสำเนาเอกสาร แบบแปลน แผนผัง ภาพเขียน หรือแบบพิมพ์
G79: - ความเสียหาย หรือค่าใช้จ่ายใดๆก็ตามทั้งทางตรงหรือทางอ้อมที่เกิดจากสงคราม การกบฏ
G80: การปฏิวัติ การรัฐประหาร การประกาศกฏอัยการศึก การก่อความวุ่นวายทางการเมือง
G81: การนัดหยุดงานหรือการจลาจล
C86: การยกเลิกกรมธรรม์
C87: ผู้เอาประกันภัยสามารถบอกเลิกกรมธรรม์ประกันภัยโดยการบอกกล่าวเป็นลายลักษณ์อักษรถึงบริษัทได้ตลอด
C88: โดยบริษัทจะคืนเบี้ยประกันภัยหลังจากหักเบี้ยประกันภัยสำหรับระยะเวลาที่กรมธรรม์ประกันภัยฉบับนี้ได้ใช้บังคับ
C89: มาแล้วออก โดยคิดอัตราเบี้ยประกันภัยระยะสั้น ( Short rate ) ตามตารางที่ระบุในกรมธรรม์
C92: วิธีการชำระเบี้ยสำหรับการสมัครทำประกันภัยใหม่และปีต่ออายุ ดังนี้
C93: - เงินสด
C94: - เช็ค
C95: - หักผ่านบัญชีธนาคาร
C96: - บัตรเครดิต
C98: ช่องทางการติดต่อ บริษัท ซมโปะ ประกันภัย (ประเทศไทย) จำกัด (มหาชน)
C99: 1152 อาคารปัน ชั้น 23, 24 ถนนพระรามที่ 4 แขวงคลองเตย เขตคลองเตย กรุงเทพฯ 10110
C100: ศูนย์ลูกค้าสัมพันธ์ 02-119-3000 (จันทร์ - ศุกร์ เวลา 08:30 - 17:30 )
... C112: เพื่อการเสนอขายผลิตภัณฑ์อื่นของบริษัท ยินยอม ไม่ยินยอม
B114: เสนอโดยนายหน้า | H114: เลขที่ใบอนุญาตนายหน้าประกันวินาศภัย
B115: ธนาคารซีไอเอ็มบีไทย สาขา | I115: วัน/เวลาเสนอขาย____________________________
B118: ข้าพเจ้าได้ทราบและเข้าใจข้อความข้างต้นเป็นอย่างดีโดยตลอดแล้ว เห็นว่าถูกต้องตรงตามเจตนารมณ์และความประสงค์ของข้าพเจ้าทุกประการ
B119: ลงชื่อผู้ขอเอาประกัน_______________________________เบอร์โทร_________________________วันที่_____________________
C120: ( )
B123: (ก) ข้อมูลในเอกสารนี้เป็นเพียงข้อมูลเบื้องต้นเพื่อประกอบการขายเท่านั้น ลูกค้าควรศึกษาข้อมูลเพิ่มเติม เรื่องความคุ้มครอง ข้อกำหนด เงื่อนไข ข้อยกเว้น และผลประโยชน์จากกรมธรรม์ประกันภัย
B124: (ข) ลูกค้าควรทำความเข้าใจในเงื่อนไขและความคุ้มครองของแบบประกันภัยก่อนตัดสินใจสมัครทำประกันภัย
B125: (ค) ธนาคารซีไอเอ็มบีไทย จำกัด (มหาชน) ในฐานะนายหน้าประกันวินาศภัย เป็นผู้นำเสนอผลิตภัณฑ์ด้านประกันวินาศภัย และอำนวยความสะดวกในการชำระเบี้ยประกันภัยเท่านั้น
B126: โดย บมจ. ซมโปะ ประกันภัย (ประเทศไทย) ในฐานะผู้รับประกันภัย เป็นผู้รับผิดชอบในเงื่อนไขความคุ้มครอง และสิทธิประโยชน์ตามเงื่อนไขที่ระบุไว้ในกรมธรรม์ประกันภัย

Sheet 05,06 กระบะ & SUV ชั้น 1
A9: ใบเสนอขายประกันภัย
A10: =VLOOKUP(B18,Sheet5!A2:B4,2,0) -> ประกันรถยนต์ ซีไอเอ็มบี ไทย มอเตอร์ แคร์ ชั้น 1 (เบี้ยเหมา)
A12: เรียนเสนอ คุณ | B12: คุณ พัทธีรา ชัยอมรธนากิตติ์ | G12: วันที่เริ่มคุ้มครอง | H12: 244529 | I12: วันที่/เดือน/ปี พ.ศ.
A14: ประเภทรถ | ยี่ห้อ / รุ่น | B14: รถกระบะ 4 ประตู | C14: | | D14: Toyota Hilux Revo | G14: ปีจดทะเบียนรถ (พ.ศ.) | H14: 2565 | J14: =YEAR(H12)-H14+1 -> 5 | K14: =IF(B14="รถกระบะ 2 ประตู",320,IF(B14="รถกระบะ 4 ประตู",110,110)) -> 110
A16: เครื่องยนต์/น้ำหนัก | B16: 2400 | G16: ทุนประกันภัย | H16: 570000 | I16: บาท
A18: แบบประกันภัย | B18: มอเตอร์ แคร์ (เบี้ยเหมา) - รถกระบะ | G18: จังหวัดทะเบียนรถ | H18: เลย | J18: =IF(OR(B18="มอเตอร์ แคร์ (เบี้ยเหมา) - รถกระบะ",B18="มอเตอร์ แคร์ (เบี้ยเหมา) - รถเก๋ง SUV"),VLOOKUP(H18,Dropdown_Mapping!$W$1:$X$81,2,0),"") -> UPC | K18: =IF(B18<>"มอเตอร์ แคร์ (เบี้ยเหมา) - รถกระบะ","",IF(MID(D14,1,4)="TOYO","Toyota","Non Toyota")) -> Toyota
A20: ประเภทการซ่อม | B20: ซ่อมอู่ในเครือ | G20: ทะเบียนรถยนต์ | H20: กท 8281
A22: ประเภทประกันภัยรถยนต์
A23: ความคุ้มครอง | G23: จำนวนเงินเอาประกันภัย
A24: ความรับผิดต่อบุคคลภายนอก
A25: ความเสียหายต่อชีวิต ร่างกาย หรืออนามัย (ส่วนเกิน พ.ร.บ.) | G25: =VLOOKUP($B$18&$K$18&$J$18&$J$14&$K$14,'Motor database'!$A$1:$Q$210,$J25,0) -> 500000 | H25: บาท ต่อคน | J25: ='Motor database'!I1 -> 9
G26: =VLOOKUP($B$18&$K$18&$J$18&$J$14&$K$14,'Motor database'!$A$1:$Q$210,$J26,0) -> 10000000 | H26: บาท ต่อครั้ง | J26: ='Motor database'!J1 -> 10
A27: ความเสียหายต่อทรัพย์สิน | G27: =VLOOKUP($B$18&$K$18&$J$18&$J$14&$K$14,'Motor database'!$A$1:$Q$210,$J27,0) -> 5000000 | H27: บาท ต่อครั้ง | J27: ='Motor database'!K1 -> 11
A28: ความเสียหายส่วนแรก ( Deductible ) | G28: ไม่มี
A30: ความเสียหายต่อรถยนต์
A31: ความเสียหายต่อตัวรถยนต์ | G31: =H16 -> 570000 | H31: บาท
A32: รถยนต์สูญหายและไฟไหม้ | G32: =G31 -> 570000 | H32: บาท
A33: ภัยธรรมชาติ ( น้ำท่วม ) | G33: =G32 -> 570000 | H33: บาท
A35: ความคุ้มครองตามเอกสารแนบท้าย
A36: อุบัติเหตุส่วนบุคคล | B36: ="("&VLOOKUP($B$18&$K$18&$J$18&$J$14&$K$14,'Motor database'!$A$1:$Q$210,$K36,0) -> (6 | C36: ผู้โดยสาร 1 ผู้ขับขี่) | G36: =VLOOKUP($B$18&$K$18&$J$18&$J$14&$K$14,'Motor database'!$A$1:$Q$210,$J36,0) -> 200000 | H36: บาท ต่อคน | J36: ='Motor database'!L1 -> 12 | K36: ='Motor database'!P1 -> 16
A37: ค่ารักษาพยาบาล | B37: ="("&VLOOKUP($B$18&$K$18&$J$18&$J$14&$K$14,'Motor database'!$A$1:$Q$210,$K37,0) -> (6 | C37: ผู้โดยสาร 1 ผู้ขับขี่) | G37: =VLOOKUP($B$18&$K$18&$J$18&$J$14&$K$14,'Motor database'!$A$1:$Q$210,$J37,0) -> 300000 | H37: บาท ต่อคน | J37: ='Motor database'!M1 -> 13 | K37: ='Motor database'!P1 -> 16
A38: การประกันตัวผู้ขับขี่ในคดีอาญา | G38: =VLOOKUP($B$18&$K$18&$J$18&$J$14&$K$14,'Motor database'!$A$1:$Q$210,$J38,0) -> 300000 | H38: บาท ต่อครั้ง | J38: ='Motor database'!N1 -> 14
A40: เบี้ยประกันภัยสุทธิ | B40: =VLOOKUP($B$18&$K$18&$J$18&$J$14&$K$14,'Motor database'!$A$1:$Q$210,$J40,0) -> 16755 | C40: บาท | D40: อาการแสตมป์ | E40: =IFERROR(ROUNDUP(B40*0.4%,0),"") -> 68 | F40: บาท | G40: ภาษีมูลค่าเพิ่ม | H40: =IFERROR(ROUND((B40+E40)*7%,2),"") -> 1177.61 | I40: บาท | J40: 6
A42: เบี้ยประกันภัยรวม | B42: =IFERROR(B40+E40+H40,"") -> 18000.61 | D42: บาท
A53: A1 : ท่านเคยมีกรมธรรม์ประกันรถยนต์หรือไม่
A54: £ เคยมี £ ไม่เคยมี กรุณาดำเนินการในข้อ A2
A55: A2 : ข้าพเจ้า ........................................................ รับทราบ และมีความเข้าใจในผลิตภัณฑ์และได้รับการอธิบายจากพนักงานอย่างเข้าใจดีแล้ว
A57: หมายเหตุ/Remarks
A58: 1.แผนประกันรถยนต์ ซีไอเอ็มบี ไทย มอเตอร์ แคร์ ชั้น (เบี้ยเหมา) เป็นชื่อทางการตลาด
A59: ส่วนในกรมธรรม์จะเป็นชื่อแบบประกัน "ประกันภัยรถยนต์ภาคสมัครใจ"
A60: 2. การนำส่งเบี้ยประกันภัยเป็นหน้าที่ของผู้เอาประกันภัย การที่นายหน้าประกันวินาศภัยเก็บเบี้ยประกันภัยเป็นการให้บริการเท่านั้น
A61: โดยศึกษาข้อมูลเพิ่มเติมได้จากคู่มือผู้เอาประกันภัย
A62: 3. การรับประกันภัยและการจ่ายผลประโยชน์ต่างๆ จะเป็นไปตามที่กำหนดไว้ในกรมธรรม์ประกันภัย บมจ. ซมโปะ ประกันภัย (ประเทศไทย)
A63: 4. เอกสารฉบับนี้เป็นเพียงใบเสนอราคาเท่านั้น บริษัทฯขอสงวนสิทธิ์ในการปรับปรุง และเปลี่ยนแปลงค่าเบี้ยประกันภัยรวมถึงการให้ความคุ้มครองใดๆ
A64: ต่อเมื่อบริษัทฯได้ตรวจสอบสภาพรถยนต์ และพิจารณายืนยันการประกันภัยรถยนต์แล้วเท่านั้น
A65: 5. ข้อเสนอประกันภัยรถยนต์นี้มีผลบังคับใช้ 30 วัน นับจากวันที่เสนอเบี้ยประกันภัย
... A74: 13. ฟรี ซมโปะ โรดไซด์ เซอร์วิส บริการช่วยเหลือฉุกเฉินทุกที่ทุกเวลา ตลอด 24 ชั่วโมง โทร. 02-039-5780
A80: เสนอโดยนายหน้า | E80: เลขที่ใบอนุญาตนายหน้าประกันวินาศภัย
A81: ธนาคารซีไอเอ็มบีไทย สาขา | F81: วัน/เวลาเสนอขาย_____________________________
A84: ข้าพเจ้าได้ทราบและเข้าใจข้อความข้างต้นเป็นอย่างดีโดยตลอดแล้ว เห็นว่าถูกต้องตรงตามเจตนารมณ์และความประสงค์ของข้าพเจ้าทุกประการ
A85: ลงชื่อผู้ขอเอาประกัน _____________________________เบอร์โทร____________________________วันที่________________________
A86: ( )
A89: (ก) ข้อมูลในเอกสารนี้เป็นเพียงข้อมูลเบื้องต้นเพื่อประกอบการขายเท่านั้น ลูกค้าควรศึกษาข้อมูลเพิ่มเติม เรื่องความคุ้มครอง ข้อกำหนด เงื่อนไข ข้อยกเว้น และผลประโยชน์จากกรมธรรม์ประกันภัย
A90: (ข) ลูกค้าควรทำความเข้าใจในเงื่อนไขและความคุ้มครองของแบบประกันภัยก่อนตัดสินใจสมัครทำประกันภัย
A91: (ค) ธนาคารซีไอเอ็มบีไทย จำกัด (มหาชน) ในฐานะนายหน้าประกันวินาศภัย เป็นผู้นำเสนอผลิตภัณฑ์ด้านประกันวินาศภัย และอำนวยความสะดวกในการชำระเบี้ยประกันภัยเท่านั้น
A92: โดย บมจ. ซมโปะ ประกันภัย (ประเทศไทย) ในฐานะผู้รับประกันภัย เป็นผู้รับผิดชอบในเงื่อนไขความคุ้มครอง และสิทธิประโยชน์ตามเงื่อนไขที่ระบุไว้ในกรมธรรม์ประกันภัย
A107: ใบเสนอขายประกันภัย
A108: =A10 -> ประกันรถยนต์ ซีไอเอ็มบี ไทย มอเตอร์ แคร์ ชั้น 1 (เบี้ยเหมา)
A110: ข้อยกเว้นความคุ้มครองตามสัญญา
A111: ข้อมูลดังต่อไปนี้เป็นเพียงข้อมูลบางส่วนของข้อยกเว้นทั้งหมดเท่านั้น ผู้ขอเอาประกันภัยควรศึกษาข้อมูลเพิ่มเติมและตรวจสอบข้อยกเว้นจากกรมธรรม์
A113: แบบประกันภัย | D113: ตัวอย่างข้อยกเว้นความคุ้มครอง
A114: =A10 -> ประกันรถยนต์ ซีไอเอ็มบี ไทย มอเตอร์ แคร์ ชั้น 1 (เบี้ยเหมา) | D114: - การขับขี่โดยบุคคลซึ่งในขณะขับขี่ให้ถือว่าเมาสุราหรือของเมาอย่างอื่นตามกฎหมายว่าด้วยการจราจรทางบก
D115: - การขับขี่โดยบุคคลซึ่งขณะขับขี่มีสารเสพติดตามกฎหมายว่าด้วยยาเสพติดให้โทษ หรือมีสารที่ออกฤทธิ์ต่อจิต
D116: และประสาทตามกฎหมายว่าด้วยวัตถุที่ออกฤทธิ์ต่อจิตและประสาทในร่างกาย จนถูกดำเนินคดีตามกฎหมาย
D117: - การขับขี่โดยบุคคลที่ไม่เคยได้รับใบอนุญาตขับขี่ใด ๆ หรือเคยได้รับ แต่ถูกตัดสิทธิตามกฎหมาย
D118: หรือใช้ใบขับขี่รถจักรยานยนต์ไปขับขี่รถยนต์
D119: - การใช้รถยนต์ในทางผิดกฎหมาย เช่น ใช้รถยนต์ไปปล้นทรัพย์ ชิงทรัพย์ หรือใช้ขนยาเสพติด
D120: - การใช้ในการแข่งขันความเร็ว
A124: การยกเลิกกรมธรรม์
A125: ผู้เอาประกันภัยสามารถบอกเลิกกรมธรรม์ประกันภัยโดยการบอกกล่าวเป็นลายลักษณ์อักษรถึงบริษัทได้ตลอด
A126: โดยบริษัทจะคืนเบี้ยประกันภัยหลังจากหักเบี้ยประกันภัยสำหรับระยะเวลาที่กรมธรรม์ประกันภัยฉบับนี้ได้ใช้บังคับ
A127: มาแล้วออก โดยคิดอัตราเบี้ยประกันภัยระยะสั้น ( Short rate ) ตามตารางที่ระบุในกรมธรรม์
A129: วิธีการชำระเบี้ยสำหรับการสมัครทำประกันภัยใหม่และปีต่ออายุ ดังนี้
A130: - เงินสด
A131: - เช็ค
A132: - หักผ่านบัญชีธนาคาร
A133: - บัตรเครดิต
A135: ช่องทางการติดต่อ บริษัท ซมโปะ ประกันภัย (ประเทศไทย) จำกัด (มหาชน)
A137: 1152 อาคารปัน ชั้น 23, 24 ถนนพระรามที่ 4 แขวงคลองเตย เขตคลองเตย กรุงเทพฯ 10110
A138: ศูนย์ลูกค้าสัมพันธ์ 02-119-3000 ( 08:30 - 17:00 )
... A149: เพื่อการเสนอขายผลิตภัณฑ์อื่นของบริษัท ยินยอม ไม่ยินยอม
A155: เสนอโดยนายหน้า | E155: เลขที่ใบอนุญาตนายหน้าประกันวินาศภัย
A156: ธนาคารซีไอเอ็มบีไทย สาขา | F156: วัน/เวลาเสนอขาย_____________________________
A159: ข้าพเจ้าได้ทราบและเข้าใจข้อความข้างต้นเป็นอย่างดีโดยตลอดแล้ว เห็นว่าถูกต้องตรงตามเจตนารมณ์และความประสงค์ของข้าพเจ้าทุกประการ
A160: ลงชื่อผู้ขอเอาประกัน ________________________________เบอร์โทร____________________________วันที่________________________
A161: ( )
A164: (ก) ข้อมูลในเอกสารนี้เป็นเพียงข้อมูลเบื้องต้นเพื่อประกอบการขายเท่านั้น ลูกค้าควรศึกษาข้อมูลเพิ่มเติม เรื่องความคุ้มครอง ข้อกำหนด เงื่อนไข ข้อยกเว้น และผลประโยชน์จากกรมธรรม์ประกันภัย
A165: (ข) ลูกค้าควรทำความเข้าใจในเงื่อนไขและความคุ้มครองของแบบประกันภัยก่อนตัดสินใจสมัครทำประกันภัย
A166: (ค) ธนาคารซีไอเอ็มบีไทย จำกัด (มหาชน) ในฐานะนายหน้าประกันวินาศภัย เป็นผู้นำเสนอผลิตภัณฑ์ด้านประกันวินาศภัย และอำนวยความสะดวกในการชำระเบี้ยประกันภัยเท่านั้น
A167: โดย บมจ. ซมโปะ ประกันภัย (ประเทศไทย) ในฐานะผู้รับประกันภัย เป็นผู้รับผิดชอบในเงื่อนไขความคุ้มครอง และสิทธิประโยชน์ตามเงื่อนไขที่ระบุไว้ในกรมธรรม์ประกันภัย

Sheet 07,08 มอเตอร์ 2+ & 3+
A7: ใบเสนอขายประกันภัย
A8: =VLOOKUP($B$12,Sheet3!$A$2:$B$9,2,0) -> ประกันรถยนต์ ซีไอเอ็มบี ไทย มอเตอร์ แคร์ 2+
A10: เรียนเสนอ คุณ | B10: คุณยวงทอง เริ่มเสริมสุข | G10: วันที่เริ่มคุ้มครอง | H10: 244536 | I10: วัน/เดือน/ปี พ.ศ.
A12: ชื่อผลิตภัณฑ์ | B12: Motor 2+_Sedan for Non Europe car | G12: รหัสรถยนต์ | H12: =VLOOKUP($B$12&$B$18,'Motor database'!$A$1:$Q$42,$J12,0) -> 110 | J12: ='Motor database'!H1 -> 8
A14: ปีจดทะเบียนรถยนต์ (พ.ศ.) | G14: ทะเบียนรถยนต์ | H14: พข 1819 | J14: =YEAR(H10)-B14+1 -> 2570
A16: ประเภทการซ่อม | B16: ซ่อมอู่ในเครือ | G16: เครื่องยนต์/น้ำหนัก
A18: ทุนประกันภัย | B18: 300000 | E18: บาท | G18: เบี้ยประกันภัยสุทธิ | H18: =IF(J14>20,"อายุรถเกิน 20 ปี",VLOOKUP($B$12&B18,'Motor database'!$A$3:$Q$42,4,0)) -> อายุรถเกิน 20 ปี | I18: บาท
A20: ประเภทประกันภัยรถยนต์
A21: ความคุ้มครอง | G21: จำนวนเงินเอาประกันภัย
A22: ความรับผิดต่อบุคคลภายนอก
A23: ความเสียหายต่อชีวิต ร่างกาย หรืออนามัย (ส่วนเกิน พ.ร.บ.) | G23: =VLOOKUP($B$12&$B$18,'Motor database'!$A$1:$Q$42,$J23,0) -> 1000000 | H23: บาท ต่อคน | J23: ='Motor database'!I1 -> 9
G24: =VLOOKUP($B$12&$B$18,'Motor database'!$A$1:$Q$42,$J24,0) -> 10000000 | H24: บาท ต่อครั้ง | J24: ='Motor database'!J1 -> 10
A25: ความเสียหายต่อทรัพย์สิน | G25: =VLOOKUP($B$12&$B$18,'Motor database'!$A$1:$Q$42,$J25,0) -> 1000000 | H25: บาท ต่อครั้ง | J25: ='Motor database'!K1 -> 11
A26: ความเสียหายส่วนแรก ( Deductible ) | G26: ไม่มี
A28: ความเสียหายต่อรถยนต์
A29: ความเสียหายต่อตัวรถยนต์ ( กรณีมีคู่กรณียานพาหนะทางบก ) | G29: =VLOOKUP($B$12,Sheet3!$A$2:$C$9,3,0) -> 300000 | H29: บาท
A30: รถยนต์สูญหายและไฟไหม้ | G30: =VLOOKUP($B$12,Sheet3!$A$2:$D$9,4,0) -> 300000 | H30: บาท
A31: ภัยธรรมชาติ ( น้ำท่วม ) | G31: - | H31: บาท
A33: ความคุ้มครองตามเอกสารแนบท้าย
A34: อุบัติเหตุส่วนบุคคล | B34: ="("&VLOOKUP($B$12&$B$18,'Motor database'!$A$3:$Q$42,$K34,0) -> (6 | C34: ผู้โดยสาร 1 ผู้ขับขี่) | G34: =VLOOKUP($B$12&$B$18,'Motor database'!$A$1:$Q$42,$J34,0) -> 100000 | H34: บาท ต่อคน | J34: ='Motor database'!L1 -> 12 | K34: ='Motor database'!P1 -> 16
A35: ค่ารักษาพยาบาล | B35: ="("&VLOOKUP($B$12&$B$18,'Motor database'!$A$3:$Q$42,$K35,0) -> (6 | C35: ผู้โดยสาร 1 ผู้ขับขี่) | G35: =VLOOKUP($B$12&$B$18,'Motor database'!$A$1:$Q$42,$J35,0) -> 100000 | H35: บาท ต่อคน | J35: ='Motor database'!M1 -> 13 | K35: ='Motor database'!P1 -> 16
A36: การประกันตัวผู้ขับขี่ในคดีอาญา | G36: =VLOOKUP($B$12&$B$18,'Motor database'!$A$1:$Q$42,$J36,0) -> 300000 | H36: บาท ต่อครั้ง | J36: ='Motor database'!N1 -> 14
A38: เบี้ยประกันภัยสุทธิ | B38: =VLOOKUP($B$12&$B$18,'Motor database'!$A$1:$Q$42,$J38,0) -> 8005 | C38: บาท | D38: อาการแสตมป์ | E38: =IFERROR(ROUNDUP(B38*0.4%,0),"") -> 33 | F38: บาท | G38: ภาษีมูลค่าเพิ่ม | H38: =IFERROR(ROUND((B38+E38)*7%,2),"") -> 562.66 | I38: บาท | J38: 6
A40: เบี้ยประกันภัยรวม | B40: =IFERROR(B38+E38+H38,"") -> 8600.66 | D40: บาท
A51: A1 : ท่านเคยมีกรมธรรม์ประกันรถยนต์หรือไม่
A52: £ เคยมี £ ไม่เคยมี กรุณาดำเนินการในข้อ A2
A53: A2 : ข้าพเจ้า ........................................................ รับทราบ และมีความเข้าใจในผลิตภัณฑ์และได้รับการอธิบายจากพนักงานอย่างเข้าใจดีแล้ว
A56: =CONCATENATE(L56,L58) -> 1. แผนประกันรถยนต์ ซีไอเอ็มบี ไทย มอเตอร์ แคร์ 2+ | D56: เป็นชื่อทางการตลาด | L56: 1. แผน
A57: ส่วนในกรมธรรม์จะเป็นชื่อแบบประกัน "ประกันภัยรถยนต์ภาคสมัครใจ"
A58: 2. การนำส่งเบี้ยประกันภัยเป็นหน้าที่ของผู้เอาประกันภัย การที่นายหน้าประกันวินาศภัยเก็บเบี้ยประกันภัยเป็นการให้บริการเท่านั้น | L58: =A8 -> ประกันรถยนต์ ซีไอเอ็มบี ไทย มอเตอร์ แคร์ 2+
A59: โดยศึกษาข้อมูลเพิ่มเติมได้จากคู่มือผู้เอาประกันภัย
A60: 3. การรับประกันภัยและการจ่ายผลประโยชน์ต่างๆ จะเป็นไปตามที่กำหนดไว้ในกรมธรรม์ประกันภัย บมจ. ซมโปะ ประกันภัย (ประเทศไทย)
A61: 4. เอกสารฉบับนี้เป็นเพียงใบเสนอราคาเท่านั้น บริษัทฯขอสงวนสิทธิ์ในการปรับปรุง และเปลี่ยนแปลงค่าเบี้ยประกันภัยรวมถึงการให้ความคุ้มครองใดๆ
A62: ต่อเมื่อบริษัทฯได้ตรวจสอบสภาพรถยนต์ และพิจารณายืนยันการประกันภัยรถยนต์แล้วเท่านั้น
A63: 5. ข้อเสนอประกันภัยรถยนต์นี้มีผลบังคับใช้ 30 วัน นับจากวันที่เสนอเบี้ยประกันภัย
A64: 6. ข้อเสนอประกันภัยรถยนต์นี้ ลูกค้าสามารถเลือกทำประกันด้วยความสมัครใจ และปฏิเสธได้ถ้าหาก ผลประโยชน์ เงื่อนไข ข้อกำหนด ไม่เป็นไปตามความต้องการ
A65: 7. รับประกันภัยอายุรถ 2 - 20 ปี
A66: 8. รับประกันภัยรถใช้ส่วนบุคคลเท่านั้น ไม่ใช้เพื่อการพาณิชย์ รับจ้างหรือให้เช่า
A67: 9. ไม่คุ้มครองอุปกรณ์เสริม และอุปกรณ์ตกแต่งทุกกรณี
A68: 10. เบี้ยประกันภัยข้างต้นรวมส่วนลดกล้อง CCTV และไม่สามารถให้ส่วนลดอื่นๆเพิ่มเติม
A69: 11. ไม่รับประกันภัยรถยนต์ไฟฟ้าทุกประเภท
A70: 12. ฟรี ซมโปะ โรดไซด์ เซอร์วิส บริการช่วยเหลือฉุกเฉินทุกที่ทุกเวลา ตลอด 24 ชั่วโมง โทร. 02-039-5780
A71: **หมายเหตุ : เป็นไปตามที่บริษัทกำหนด**
A73: เสนอโดยนายหน้า | E73: เลขที่ใบอนุญาตนายหน้าประกันวินาศภัย
A74: ธนาคารซีไอเอ็มบีไทย สาขา | F74: วัน/เวลาเสนอขาย_____________________________
A77: ข้าพเจ้าได้ทราบและเข้าใจข้อความข้างต้นเป็นอย่างดีโดยตลอดแล้ว เห็นว่าถูกต้องตรงตามเจตนารมณ์และความประสงค์ของข้าพเจ้าทุกประการ
A78: ลงชื่อผู้ขอเอาประกัน___________________________________เบอร์โทร____________________________วันที่________________________
A82: (ก) ข้อมูลในเอกสารนี้เป็นเพียงข้อมูลเบื้องต้นเพื่อประกอบการขายเท่านั้น ลูกค้าควรศึกษาข้อมูลเพิ่มเติม เรื่องความคุ้มครอง ข้อกำหนด เงื่อนไข ข้อยกเว้น และผลประโยชน์จากกรมธรรม์ประกันภัย
A83: (ข) ลูกค้าควรทำความเข้าใจในเงื่อนไขและความคุ้มครองของแบบประกันภัยก่อนตัดสินใจสมัครทำประกันภัย
A84: (ค) ธนาคาร ซีไอเอ็มบี ไทย จำกัด (มหาชน) ในฐานะนายหน้าประกันวินาศภัย เป็นผู้นำเสนอผลิตภัณฑ์ด้านประกันวินาศภัย และอำนวยความสะดวกในการชำระเบี้ยประกันภัยเท่านั้น
A85: โดย บมจ. ซมโปะ ประกันภัย (ประเทศไทย) ในฐานะผู้รับประกันภัย เป็นผู้รับผิดชอบในเงื่อนไขความคุ้มครอง และสิทธิประโยชน์ตามเงื่อนไขที่ระบุไว้ในกรมธรรม์ประกันภัย
A97: ใบเสนอขายประกันภัย
A98: =A8 -> ประกันรถยนต์ ซีไอเอ็มบี ไทย มอเตอร์ แคร์ 2+
A100: ข้อยกเว้นความคุ้มครองตามสัญญา
A101: ข้อมูลดังต่อไปนี้เป็นเพียงข้อมูลบางส่วนของข้อยกเว้นทั้งหมดเท่านั้น ผู้ขอเอาประกันภัยควรศึกษาข้อมูลเพิ่มเติมและตรวจสอบข้อยกเว้นจากกรมธรรม์
A103: แบบประกันภัย | D103: ตัวอย่างข้อยกเว้นความคุ้มครอง
A104: =A8 -> ประกันรถยนต์ ซีไอเอ็มบี ไทย มอเตอร์ แคร์ 2+ | D104: - การขับขี่โดยบุคคลซึ่งในขณะขับขี่ให้ถือว่าเมาสุราหรือของเมาอย่างอื่นตามกฎหมายว่าด้วยการจราจรทางบก
D105: - การขับขี่โดยบุคคลซึ่งขณะขับขี่มีสารเสพติดตามกฎหมายว่าด้วยยาเสพติดให้โทษ หรือมีสารที่ออกฤทธิ์ต่อจิต
D106: และประสาทตามกฎหมายว่าด้วยวัตถุที่ออกฤทธิ์ต่อจิตและประสาทในร่างกาย จนถูกดำเนินคดีตามกฎหมาย
D107: - การขับขี่โดยบุคคลที่ไม่เคยได้รับใบอนุญาตขับขี่ใด ๆ หรือเคยได้รับ แต่ถูกตัดสิทธิตามกฎหมาย
D108: หรือใช้ใบขับขี่รถจักรยานยนต์ไปขับขี่รถยนต์
D109: - การใช้รถยนต์ในทางผิดกฎหมาย เช่น ใช้รถยนต์ไปปล้นทรัพย์ ชิงทรัพย์ หรือใช้ขนยาเสพติด
D110: - การใช้ในการแข่งขันความเร็ว
A114: การยกเลิกกรมธรรม์
A115: ผู้เอาประกันภัยสามารถบอกเลิกกรมธรรม์ประกันภัยโดยการบอกกล่าวเป็นลายลักษณ์อักษรถึงบริษัทได้ตลอด
A116: โดยบริษัทจะคืนเบี้ยประกันภัยหลังจากหักเบี้ยประกันภัยสำหรับระยะเวลาที่กรมธรรม์ประกันภัยฉบับนี้ได้ใช้บังคับ
A117: มาแล้วออก โดยคิดอัตราเบี้ยประกันภัยระยะสั้น ( Short rate ) ตามตารางที่ระบุในกรมธรรม์
A119: วิธีการชำระเบี้ยสำหรับการสมัครทำประกันภัยใหม่และปีต่ออายุ ดังนี้
A120: - เงินสด
A121: - เช็ค
A122: - หักผ่านบัญชีธนาคาร
A123: - บัตรเครดิต
A125: ช่องทางการติดต่อ บริษัท ซมโปะ ประกันภัย (ประเทศไทย) จำกัด (มหาชน)
A127: 1152 อาคารปัน ชั้น 23, 24 ถนนพระรามที่ 4 แขวงคลองเตย เขตคลองเตย กรุงเทพฯ 10110
A128: ศูนย์ลูกค้าสัมพันธ์ 02-119-3000 ( 08:30 - 17:00 )
... A150: เพื่อการเสนอขายผลิตภัณฑ์อื่นของบริษัท ยินยอม ไม่ยินยอม
A154: เสนอโดยนายหน้า | E154: เลขที่ใบอนุญาตนายหน้าประกันวินาศภัย
A155: ธนาคารซีไอเอ็มบีไทย สาขา | F155: วัน/เวลาเสนอขาย_____________________________
A158: ข้าพเจ้าได้ทราบและเข้าใจข้อความข้างต้นเป็นอย่างดีโดยตลอดแล้ว เห็นว่าถูกต้องตรงตามเจตนารมณ์และความประสงค์ของข้าพเจ้าทุกประการ
A159: ลงชื่อผู้ขอเอาประกัน___________________________________เบอร์โทร____________________________วันที่________________________
A160: ( )
A163: (ก) ข้อมูลในเอกสารนี้เป็นเพียงข้อมูลเบื้องต้นเพื่อประกอบการขายเท่านั้น ลูกค้าควรศึกษาข้อมูลเพิ่มเติม เรื่องความคุ้มครอง ข้อกำหนด เงื่อนไข ข้อยกเว้น และผลประโยชน์จากกรมธรรม์ประกันภัย
A164: (ข) ลูกค้าควรทำความเข้าใจในเงื่อนไขและความคุ้มครองของแบบประกันภัยก่อนตัดสินใจสมัครทำประกันภัย
A165: (ค) ธนาคาร ซีไอเอ็มบี ไทย จำกัด (มหาชน) ในฐานะนายหน้าประกันวินาศภัย เป็นผู้นำเสนอผลิตภัณฑ์ด้านประกันวินาศภัย และอำนวยความสะดวกในการชำระเบี้ยประกันภัยเท่านั้น
A166: โดย บมจ. ซมโปะ ประกันภัย (ประเทศไทย) ในฐานะผู้รับประกันภัย เป็นผู้รับผิดชอบในเงื่อนไขความคุ้มครอง และสิทธิประโยชน์ตามเงื่อนไขที่ระบุไว้ในกรมธรรม์ประกันภัย

Sheet Month
B2: มกราคม | C2: 1
B3: กุมภาพันธ์ | C3: 2
B4: มีนาคม | C4: 3
B5: เมษายน | C5: 4
B6: พฤษภาคม | C6: 5
B7: มิถุนายน | C7: 6
B8: กรกฎาคม | C8: 7
B9: สิงหาคม | C9: 8
B10: กันยายน | C10: 9
B11: ตุลาคม | C11: 10
B12: พฤศจิกายน | C12: 11
B13: ธันวาคม | C13: 12

Sheet 05,06 มอเตอร์ แคร์ ชั้น 1 (2)
B1: บริษัท ซมโปะ ประกันภัย (ประเทศไทย) จำกัด (มหาชน)
B2: สำนักงานใหญ่ ชั้น 12, 14 อาคารอับดุลราฮิม เพลซ,
B3: เลขที่ 990 ถนนพระรามที่ 4, แขวงสีลม เขตบางรัก กรุงเทพฯ 10500 โทร 02-119-3000 cs@sompo.co.th
B4: ทะเบียนเลขที่ / เลขประจำตัวผู้เสียภาษีอากร ( Tax ID. No. ) 0107555000287
A6: ใบเสนอขายประกันภัย
A7: ประกันรถยนต์ ซีไอเอ็มบี ไทย มอเตอร์ แคร์ ชั้น 1
A9: เรียนเสนอ คุณ | B9: คุณพัชรี แซ่พุ้น | G9: วันที่เริ่มคุ้มครอง | H9: 242471 | I9: วันที่/เดือน/ปี พ.ศ.
A11: ประเภทรถ | ยี่ห้อ / รุ่น | B11: BMW | C11: | | D11: Z4 | G11: ปีจดทะเบียนรถ (พ.ศ.) | H11: 2019 | J11: =YEAR(H9)-H11+1 -> 545 | K11: =IF(B11="รถกระบะ 2 ประตู",320,IF(B11="รถกระบะ 4 ประตู",110,110)) -> 110
A13: เครื่องยนต์/น้ำหนัก | B13: 2400 | G13: ทุนประกันภัย | H13: Z4 | I13: บาท
A15: แบบประกันภัย | G15: จังหวัดทะเบียนรถ | H15: กรุงเทพมหานคร | J15: =IF(OR(B15="มอเตอร์ แคร์ (เบี้ยเหมา) - รถกระบะ",B15="มอเตอร์ แคร์ (เบี้ยเหมา) - รถเก๋ง SUV"),VLOOKUP(H15,Dropdown_Mapping!$W$1:$X$81,2,0),"") | K15: =IF(B15<>"มอเตอร์ แคร์ (เบี้ยเหมา) - รถกระบะ","",IF(MID(D11,1,4)="TOYO","Toyota","Non Toyota"))
A17: ประเภทการซ่อม | B17: :ซ่อมห้าง | G17: ทะเบียนรถยนต์ | H17: 9กผ72
A19: ประเภทประกันภัยรถยนต์
A20: ความคุ้มครอง | G20: จำนวนเงินเอาประกันภัย
A21: ความรับผิดต่อบุคคลภายนอก
A22: ความเสียหายต่อชีวิต ร่างกาย หรืออนามัย (ส่วนเกิน พ.ร.บ.) | G22: 1000000 | H22: บาท ต่อคน | J22: ='Motor database'!I1 -> 9
G23: 10000000 | H23: บาท ต่อครั้ง | J23: ='Motor database'!J1 -> 10
A24: ความเสียหายต่อทรัพย์สิน | G24: 2500000 | H24: บาท ต่อครั้ง | J24: ='Motor database'!K1 -> 11
A25: ความเสียหายส่วนแรก ( Deductible ) | G25: ไม่มี
A27: ความเสียหายต่อรถยนต์
A28: ความเสียหายต่อตัวรถยนต์ | G28: 2400000 | H28: บาท
A29: รถยนต์สูญหายและไฟไหม้ | G29: =G28 -> 2400000 | H29: บาท
A30: ภัยธรรมชาติ ( น้ำท่วม พายุ ) | G30: =G29 -> 2400000 | H30: บาท
A32: ความคุ้มครองตามเอกสารแนบท้าย
A33: อุบัติเหตุส่วนบุคคล | B33: 1 | C33: ผู้โดยสาร 1 ผู้ขับขี่) | G33: 100000 | H33: บาท ต่อคน | J33: ='Motor database'!L1 -> 12 | K33: ='Motor database'!P1 -> 16
A34: ค่ารักษาพยาบาล | B34: 1 | C34: ผู้โดยสาร 1 ผู้ขับขี่) | G34: 100000 | H34: บาท ต่อคน | J34: ='Motor database'!M1 -> 13 | K34: ='Motor database'!P1 -> 16
A35: การประกันตัวผู้ขับขี่ในคดีอาญา | G35: 300000 | H35: บาท ต่อครั้ง | J35: ='Motor database'!N1 -> 14
A37: เบี้ยประกันภัยสุทธิ | B37: 76698 | C37: บาท | D37: อาการแสตมป์ | E37: =IFERROR(ROUNDUP(B37*0.4%,0),"") -> 307 | F37: บาท | G37: ภาษีมูลค่าเพิ่ม | H37: =IFERROR(ROUND((B37+E37)*7%,2),"") -> 5390.35 | I37: บาท | J37: 6
A39: เบี้ยประกันภัยรวม | B39: =IFERROR(B37+E37+H37,"") -> 82395.35 | D39: บาท
A55: หมายเหตุ/Remarks
A57: =CONCATENATE(L57,L59) -> 1. แผนประกันรถยนต์ ซีไอเอ็มบี ไทย มอเตอร์ แคร์ ชั้น 1 | D57: เป็นชื่อทางการตลาด | L57: 1. แผน
A58: ส่วนในกรมธรรม์จะเป็นชื่อแบบประกัน "ประกันภัยรถยนต์ภาคสมัครใจ"
A59: 2. การนำส่งเบี้ยประกันภัยเป็นหน้าที่ของผู้เอาประกันภัย การที่นายหน้าประกันวินาศภัยเก็บเบี้ยประกันภัยเป็นการให้บริการเท่านั้น | L59: =A7 -> ประกันรถยนต์ ซีไอเอ็มบี ไทย มอเตอร์ แคร์ ชั้น 1
A60: โดยศึกษาข้อมูลเพิ่มเติมได้จากคู่มือผู้เอาประกันภัย
A61: 3. การรับประกันภัยและการจ่ายผลประโยชน์ต่างๆ จะเป็นไปตามที่กำหนดไว้ในกรมธรรม์ประกันภัย บมจ. ซมโปะ ประกันภัย (ประเทศไทย)
A62: 4. เอกสารฉบับนี้เป็นเพียงใบเสนอราคาเท่านั้น บริษัทฯขอสงวนสิทธิ์ในการปรับปรุง และเปลี่ยนแปลงค่าเบี้ยประกันภัยรวมถึงการให้ความคุ้มครองใดๆ
A63: ต่อเมื่อบริษัทฯได้ตรวจสอบสภาพรถยนต์ และพิจารณายืนยันการประกันภัยรถยนต์แล้วเท่านั้น
A64: 5. ข้อเสนอประกันภัยรถยนต์นี้มีผลบังคับใช้ 30 วัน นับจากวันที่เสนอเบี้ยประกันภัย
A65: 6. ข้อเสนอประกันภัยรถยนต์นี้ ลูกค้าสามารถเลือกทำประกันด้วยความสมัครใจ และปฏิเสธได้ถ้าหาก ผลประโยชน์ เงื่อนไข ข้อกำหนด ไม่เป็นไปตามความต้องการ
A66: 7. รับประกันภัยอายุรถ 2 - 20 ปี
A67: 8. รับประกันภัยรถใช้ส่วนบุคคลเท่านั้น ไม่ใช้เพื่อการพาณิชย์ รับจ้างหรือให้เช่า
A68: 9. ฟรี ซมโปะ โรดไซด์ เซอร์วิส บริการช่วยเหลือฉุกเฉินทุกที่ทุกเวลา ตลอด 24 ชั่วโมง โทร. 02-039-5780
A75: เสนอโดยนายหน้า________________________________________________ธนาคารซีไอเอ็มบีไทย สาขา_________________________
A76: ข้าพเจ้าได้ทราบและเข้าใจข้อความข้างต้นเป็นอย่างดีโดยตลอดแล้ว เห็นว่าถูกต้องตรงตามเจตนารมณ์และความประสงค์ของข้าพเจ้าทุกประการ
A78: ลงชื่อผู้ขอเอาประกัน__________________________เบอร์โทร___________________________วัน/เวลาเสนอขาย___________________
... A83: โดย บมจ. ซมโปะ ประกันภัย (ประเทศไทย) ในฐานะผู้รับประกันภัย เป็นผู้รับผิดชอบในเงื่อนไขความคุ้มครอง และสิทธิประโยชน์ตามเงื่อนไขที่ระบุไว้ในกรมธรรม์ประกันภัย
B96: บริษัท ซมโปะ ประกันภัย (ประเทศไทย) จำกัด (มหาชน)
B97: สำนักงานใหญ่ ชั้น 12, 14 อาคารอับดุลราฮิม เพลซ,
B98: เลขที่ 990 ถนนพระรามที่ 4, แขวงสีลม เขตบางรัก กรุงเทพฯ 10500 โทร 02-119-3000 cs@sompo.co.th
B99: ทะเบียนเลขที่ / เลขประจำตัวผู้เสียภาษีอากร ( Tax ID. No. ) 0107555000287
A101: ใบเสนอขายประกันภัย
A102: =A7 -> ประกันรถยนต์ ซีไอเอ็มบี ไทย มอเตอร์ แคร์ ชั้น 1
A104: ข้อยกเว้นความคุ้มครองตามสัญญา
A105: ข้อมูลดังต่อไปนี้เป็นเพียงข้อมูลบางส่วนของข้อยกเว้นทั้งหมดเท่านั้น ผู้ขอเอาประกันภัยควรศึกษาข้อมูลเพิ่มเติมและตรวจสอบข้อยกเว้นจากกรมธรรม์
A107: แบบประกันภัย | D107: ตัวอย่างข้อยกเว้นความคุ้มครอง
A108: =A7 -> ประกันรถยนต์ ซีไอเอ็มบี ไทย มอเตอร์ แคร์ ชั้น 1 | D108: - การขับขี่โดยบุคคลซึ่งในขณะขับขี่ให้ถือว่าเมาสุราหรือของเมาอย่างอื่นตามกฎหมายว่าด้วยการจราจรทางบก
D109: - การขับขี่โดยบุคคลซึ่งขณะขับขี่มีสารเสพติดตามกฎหมายว่าด้วยยาเสพติดให้โทษ หรือมีสารที่ออกฤทธิ์ต่อจิต
D110: และประสาทตามกฎหมายว่าด้วยวัตถุที่ออกฤทธิ์ต่อจิตและประสาทในร่างกาย จนถูกดำเนินคดีตามกฎหมาย
D111: - การขับขี่โดยบุคคลที่ไม่เคยได้รับใบอนุญาตขับขี่ใด ๆ หรือเคยได้รับ แต่ถูกตัดสิทธิตามกฎหมาย
D112: หรือใช้ใบขับขี่รถจักรยานยนต์ไปขับขี่รถยนต์
D113: - การใช้รถยนต์ในทางผิดกฎหมาย เช่น ใช้รถยนต์ไปปล้นทรัพย์ ชิงทรัพย์ หรือใช้ขนยาเสพติด หรือ
D114: - การใช้ในการแข่งขันความเร็ว
A118: การยกเลิกกรมธรรม์
A119: ผู้เอาประกันภัยสามารถบอกเลิกกรมธรรม์ประกันภัยโดยการบอกกล่าวเป็นลายลักษณ์อักษรถึงบริษัทได้ตลอด
A120: โดยบริษัทจะคืนเบี้ยประกันภัยหลังจากหักเบี้ยประกันภัยสำหรับระยะเวลาที่กรมธรรม์ประกันภัยฉบับนี้ได้ใช้บังคับ
A121: มาแล้วออก โดยคิดอัตราเบี้ยประกันภัยระยะสั้น ( Short rate ) ตามตารางที่ระบุในกรมธรรม์
A123: วิธีการชำระเบี้ยสำหรับการสมัครทำประกันภัยใหม่และปีต่ออายุ ดังนี้
A124: - เงินสด
A125: - เช็ค
A126: - หักผ่านบัญชีธนาคาร
A127: - บัตรเครดิต
A129: ช่องทางการติดต่อ บริษัท ซมโปะ ประกันภัย (ประเทศไทย) จำกัด (มหาชน)
A131: 990 อับดุลราฮิมเพลซ ชั้น12, 14 ถนนพระราม4 แขวงสีลม เขตบางรัก กรุงเทพฯ 10500
A132: ศูนย์ลูกค้าสัมพันธ์ 02-119-3000 ( 08:30 - 17:30 )
... A171: โดย บมจ. ซมโปะ ประกันภัย (ประเทศไทย) ในฐานะผู้รับประกันภัย เป็นผู้รับผิดชอบในเงื่อนไขความคุ้มครอง และสิทธิประโยชน์ตามเงื่อนไขที่ระบุไว้ในกรมธรรม์ประกันภัย

Sheet Sheet3
A2: Motor 2+_Sedan for Non Europe car | B2: ประกันรถยนต์ ซีไอเอ็มบี ไทย มอเตอร์ แคร์ 2+ | C2: ='07,08 มอเตอร์ 2+ & 3+'!$B$18 -> 300000 | D2: ='07,08 มอเตอร์ 2+ & 3+'!$B$18 -> 300000
A3: Motor 2+_Pickup 4 doors | B3: ประกันรถยนต์ ซีไอเอ็มบี ไทย มอเตอร์ แคร์ 2+ | C3: ='07,08 มอเตอร์ 2+ & 3+'!$B$18 -> 300000 | D3: ='07,08 มอเตอร์ 2+ & 3+'!$B$18 -> 300000
A4: Motor 2+_Sedan for Europe car | B4: ประกันรถยนต์ ซีไอเอ็มบี ไทย มอเตอร์ แคร์ 2+ | C4: ='07,08 มอเตอร์ 2+ & 3+'!$B$18 -> 300000 | D4: ='07,08 มอเตอร์ 2+ & 3+'!$B$18 -> 300000
A5: Motor 2+_Pickup 2 doors | B5: ประกันรถยนต์ ซีไอเอ็มบี ไทย มอเตอร์ แคร์ 2+ | C5: ='07,08 มอเตอร์ 2+ & 3+'!$B$18 -> 300000 | D5: ='07,08 มอเตอร์ 2+ & 3+'!$B$18 -> 300000
A6: Motor 3+_Sedan for Non Europe car | B6: ประกันรถยนต์ ซีไอเอ็มบี ไทย มอเตอร์ แคร์ 3+ | C6: ='07,08 มอเตอร์ 2+ & 3+'!$B$18 -> 300000 | D6: -
A7: Motor 3+_Pickup 4 doors | B7: ประกันรถยนต์ ซีไอเอ็มบี ไทย มอเตอร์ แคร์ 3+ | C7: ='07,08 มอเตอร์ 2+ & 3+'!$B$18 -> 300000 | D7: -
A8: Motor 3+_Sedan for Europe car | B8: ประกันรถยนต์ ซีไอเอ็มบี ไทย มอเตอร์ แคร์ 3+ | C8: ='07,08 มอเตอร์ 2+ & 3+'!$B$18 -> 300000 | D8: -
A9: Motor 3+_Pickup 2 doors | B9: ประกันรถยนต์ ซีไอเอ็มบี ไทย มอเตอร์ แคร์ 3+ | C9: ='07,08 มอเตอร์ 2+ & 3+'!$B$18 -> 300000 | D9: -

Sheet Motor database
A1: 1 | B1: =A1+1 -> 2 | C1: =B1+1 -> 3 | D1: =C1+1 -> 4 | E1: =D1+1 -> 5 | F1: =E1+1 -> 6 | G1: =F1+1 -> 7 | H1: =G1+1 -> 8 | I1: =H1+1 -> 9 | ... Q1: =P1+1 -> 17
B2: Product name | C2: SIT Car group | D2: Province | E2: SI | F2: Net Premium | G2: Vehicle year | H2: Vehicle code | I2: TPBI/person | J2: TPBI/accident | K2: TPPD/accident | L2: PA | M2: ME | N2: BB | O2: No. of Driver | P2: No. of Passenger | Q2: No. of Driver + Passenger | W2: Product name | X2: SI
A3: =B3&E3 -> Motor 2+_Sedan for Non Europe car100000 | B3: Motor 2+_Sedan for Non Europe car | E3: 100000 | F3: 7074 | H3: 110 | I3: 1000000 | J3: 10000000 | K3: 1000000 | L3: 100000 | M3: 100000 | N3: 300000 | O3: 1 | P3: 6 | Q3: =SUM(O3:P3) -> 7 | W3: Motor 2+_Sedan for Non Europe car | X3: 100000
A4: =B4&E4 -> Motor 2+_Sedan for Non Europe car150000 | B4: Motor 2+_Sedan for Non Europe car | E4: 150000 | F4: 7260 | H4: 110 | I4: 1000000 | J4: 10000000 | K4: 1000000 | L4: 100000 | M4: 100000 | N4: 300000 | O4: 1 | P4: 6 | Q4: =SUM(O4:P4) -> 7 | W4: Motor 2+_Pickup 4 doors | X4: 150000
A5: =B5&E5 -> Motor 2+_Sedan for Non Europe car200000 | B5: Motor 2+_Sedan for Non Europe car | E5: 200000 | F5: 7540 | H5: 110 | I5: 1000000 | J5: 10000000 | K5: 1000000 | L5: 100000 | M5: 100000 | N5: 300000 | O5: 1 | P5: 6 | Q5: =SUM(O5:P5) -> 7 | W5: Motor 2+_Sedan for Europe car | X5: 200000
A6: =B6&E6 -> Motor 2+_Sedan for Non Europe car250000 | B6: Motor 2+_Sedan for Non Europe car | E6: 250000 | F6: 7726 | H6: 110 | I6: 1000000 | J6: 10000000 | K6: 1000000 | L6: 100000 | M6: 100000 | N6: 300000 | O6: 1 | P6: 6 | Q6: =SUM(O6:P6) -> 7 | W6: Motor 2+_Pickup 2 doors | X6: 250000
A7: =B7&E7 -> Motor 2+_Sedan for Non Europe car300000 | B7: Motor 2+_Sedan for Non Europe car | E7: 300000 | F7: 8005 | H7: 110 | I7: 1000000 | J7: 10000000 | K7: 1000000 | L7: 100000 | M7: 100000 | N7: 300000 | O7: 1 | P7: 6 | Q7: =SUM(O7:P7) -> 7 | W7: Motor 3+_Sedan for Non Europe car | X7: 300000
A8: =B8&E8 -> Motor 2+_Pickup 4 doors100000 | B8: Motor 2+_Pickup 4 doors | E8: 100000 | F8: 7074 | H8: 110 | I8: 1000000 | J8: 10000000 | K8: 1000000 | L8: 100000 | M8: 100000 | N8: 300000 | O8: 1 | P8: 6 | Q8: =SUM(O8:P8) -> 7 | W8: Motor 3+_Pickup 4 doors
A9: =B9&E9 -> Motor 2+_Pickup 4 doors150000 | B9: Motor 2+_Pickup 4 doors | E9: 150000 | F9: 7260 | H9: 110 | I9: 1000000 | J9: 10000000 | K9: 1000000 | L9: 100000 | M9: 100000 | N9: 300000 | O9: 1 | P9: 6 | Q9: =SUM(O9:P9) -> 7 | W9: Motor 3+_Sedan for Europe car
A10: =B10&E10 -> Motor 2+_Pickup 4 doors200000 | B10: Motor 2+_Pickup 4 doors | E10: 200000 | F10: 7540 | H10: 110 | I10: 1000000 | J10: 10000000 | K10: 1000000 | L10: 100000 | M10: 100000 | N10: 300000 | O10: 1 | P10: 6 | Q10: =SUM(O10:P10) -> 7 | W10: Motor 3+_Pickup 2 doors
A11: =B11&E11 -> Motor 2+_Pickup 4 doors250000 | B11: Motor 2+_Pickup 4 doors | E11: 250000 | F11: 7726 | H11: 110 | I11: 1000000 | J11: 10000000 | K11: 1000000 | L11: 100000 | M11: 100000 | N11: 300000 | O11: 1 | P11: 6 | Q11: =SUM(O11:P11) -> 7
A12: =B12&E12 -> Motor 2+_Pickup 4 doors300000 | B12: Motor 2+_Pickup 4 doors | E12: 300000 | F12: 8005 | H12: 110 | I12: 1000000 | J12: 10000000 | K12: 1000000 | L12: 100000 | M12: 100000 | N12: 300000 | O12: 1 | P12: 6 | Q12: =SUM(O12:P12) -> 7
A13: =B13&E13 -> Motor 2+_Sedan for Europe car100000 | B13: Motor 2+_Sedan for Europe car | E13: 100000 | F13: 10146 | H13: 110 | I13: 1000000 | J13: 10000000 | K13: 1000000 | L13: 100000 | M13: 100000 | N13: 300000 | O13: 1 | P13: 6 | Q13: =SUM(O13:P13) -> 7
A14: =B14&E14 -> Motor 2+_Sedan for Europe car150000 | B14: Motor 2+_Sedan for Europe car | E14: 150000 | F14: 11636 | H14: 110 | I14: 1000000 | J14: 10000000 | K14: 1000000 | L14: 100000 | M14: 100000 | N14: 300000 | O14: 1 | P14: 6 | Q14: =SUM(O14:P14) -> 7
A15: =B15&E15 -> Motor 2+_Sedan for Europe car200000 | B15: Motor 2+_Sedan for Europe car | E15: 200000 | F15: 12101 | H15: 110 | I15: 1000000 | J15: 10000000 | K15: 1000000 | L15: 100000 | M15: 100000 | N15: 300000 | O15: 1 | P15: 6 | Q15: =SUM(O15:P15) -> 7
A16: =B16&E16 -> Motor 2+_Sedan for Europe car250000 | B16: Motor 2+_Sedan for Europe car | E16: 250000 | F16: 12566 | H16: 110 | I16: 1000000 | J16: 10000000 | K16: 1000000 | L16: 100000 | M16: 100000 | N16: 300000 | O16: 1 | P16: 6 | Q16: =SUM(O16:P16) -> 7
A17: =B17&E17 -> Motor 2+_Sedan for Europe car300000 | B17: Motor 2+_Sedan for Europe car | E17: 300000 | F17: 13125 | H17: 110 | I17: 1000000 | J17: 10000000 | K17: 1000000 | L17: 100000 | M17: 100000 | N17: 300000 | O17: 1 | P17: 6 | Q17: =SUM(O17:P17) -> 7
A18: =B18&E18 -> Motor 2+_Pickup 2 doors100000 | B18: Motor 2+_Pickup 2 doors | E18: 100000 | F18: 8192 | H18: 320 | I18: 1000000 | J18: 10000000 | K18: 1000000 | L18: 100000 | M18: 100000 | N18: 300000 | O18: 1 | P18: 2 | Q18: =SUM(O18:P18) -> 3
A19: =B19&E19 -> Motor 2+_Pickup 2 doors150000 | B19: Motor 2+_Pickup 2 doors | E19: 150000 | F19: 8378 | H19: 320 | I19: 1000000 | J19: 10000000 | K19: 1000000 | L19: 100000 | M19: 100000 | N19: 300000 | O19: 1 | P19: 2 | Q19: =SUM(O19:P19) -> 3
A20: =B20&E20 -> Motor 2+_Pickup 2 doors200000 | B20: Motor 2+_Pickup 2 doors | E20: 200000 | F20: 8564 | H20: 320 | I20: 1000000 | J20: 10000000 | K20: 1000000 | L20: 100000 | M20: 100000 | N20: 300000 | O20: 1 | P20: 2 | Q20: =SUM(O20:P20) -> 3
A21: =B21&E21 -> Motor 2+_Pickup 2 doors250000 | B21: Motor 2+_Pickup 2 doors | E21: 250000 | F21: 8843 | H21: 320 | I21: 1000000 | J21: 10000000 | K21: 1000000 | L21: 100000 | M21: 100000 | N21: 300000 | O21: 1 | P21: 2 | Q21: =SUM(O21:P21) -> 3
A22: =B22&E22 -> Motor 2+_Pickup 2 doors300000 | B22: Motor 2+_Pickup 2 doors | E22: 300000 | F22: 9308 | H22: 320 | I22: 1000000 | J22: 10000000 | K22: 1000000 | L22: 100000 | M22: 100000 | N22: 300000 | O22: 1 | P22: 2 | Q22: =SUM(O22:P22) -> 3
... A42: =B42&E42 -> Motor 3+_Pickup 2 doors300000 | B42: Motor 3+_Pickup 2 doors | E42: 300000 | F42: 9029 | H42: 320 | I42: 1000000 | J42: 10000000 | K42: 1000000 | L42: 100000 | M42: 100000 | N42: 300000 | O42: 1 | P42: 2 | Q42: =SUM(O42:P42) -> 3
A43: =B43&C43&D43&G43&H43 -> มอเตอร์ แคร์ (เบี้ยเหมา) - รถกระบะNon ToyotaUPC2320 | B43: มอเตอร์ แคร์ (เบี้ยเหมา) - รถกระบะ | C43: Non Toyota | D43: UPC | F43: 14894 | G43: 2 | H43: 320 | I43: 500000 | J43: 10000000 | K43: 2500000 | L43: 200000 | M43: 300000 | N43: 300000 | O43: 1 | P43: 2 | Q43: 3
A44: =B44&C44&D44&G44&H44 -> มอเตอร์ แคร์ (เบี้ยเหมา) - รถกระบะNon ToyotaUPC3320 | B44: มอเตอร์ แคร์ (เบี้ยเหมา) - รถกระบะ | C44: Non Toyota | D44: UPC | F44: 14894 | G44: 3 | H44: 320 | I44: 500000 | J44: 10000000 | K44: 2500000 | L44: 200000 | M44: 300000 | N44: 300000 | O44: 1 | P44: 2 | Q44: 3
A45: =B45&C45&D45&G45&H45 -> มอเตอร์ แคร์ (เบี้ยเหมา) - รถกระบะNon ToyotaUPC4320 | B45: มอเตอร์ แคร์ (เบี้ยเหมา) - รถกระบะ | C45: Non Toyota | D45: UPC | F45: 14894 | G45: 4 | H45: 320 | I45: 500000 | J45: 10000000 | K45: 2500000 | L45: 200000 | M45: 300000 | N45: 300000 | O45: 1 | P45: 2 | Q45: 3
A46: =B46&C46&D46&G46&H46 -> มอเตอร์ แคร์ (เบี้ยเหมา) - รถกระบะNon ToyotaUPC5320 | B46: มอเตอร์ แคร์ (เบี้ยเหมา) - รถกระบะ | C46: Non Toyota | D46: UPC | F46: 14894 | G46: 5 | H46: 320 | I46: 500000 | J46: 10000000 | K46: 2500000 | L46: 200000 | M46: 300000 | N46: 300000 | O46: 1 | P46: 2 | Q46: 3
A47: =B47&C47&D47&G47&H47 -> มอเตอร์ แคร์ (เบี้ยเหมา) - รถกระบะNon ToyotaUPC6320 | B47: มอเตอร์ แคร์ (เบี้ยเหมา) - รถกระบะ | C47: Non Toyota | D47: UPC | F47: 13032 | G47: 6 | H47: 320 | I47: 500000 | J47: 10000000 | K47: 2500000 | L47: 200000 | M47: 300000 | N47: 300000 | O47: 1 | P47: 2 | Q47: 3
A48: =B48&C48&D48&G48&H48 -> มอเตอร์ แคร์ (เบี้ยเหมา) - รถกระบะNon ToyotaUPC7320 | B48: มอเตอร์ แคร์ (เบี้ยเหมา) - รถกระบะ | C48: Non Toyota | D48: UPC | F48: 13032 | G48: 7 | H48: 320 | I48: 500000 | J48: 10000000 | K48: 2500000 | L48: 200000 | M48: 300000 | N48: 300000 | O48: 1 | P48: 2 | Q48: 3
A49: =B49&C49&D49&G49&H49 -> มอเตอร์ แคร์ (เบี้ยเหมา) - รถกระบะNon ToyotaUPC8320 | B49: มอเตอร์ แคร์ (เบี้ยเหมา) - รถกระบะ | C49: Non Toyota | D49: UPC | F49: 13032 | G49: 8 | H49: 320 | I49: 500000 | J49: 10000000 | K49: 2500000 | L49: 200000 | M49: 300000 | N49: 300000 | O49: 1 | P49: 2 | Q49: 3
A50: =B50&C50&D50&G50&H50 -> มอเตอร์ แคร์ (เบี้ยเหมา) - รถกระบะNon ToyotaUPC9320 | B50: มอเตอร์ แคร์ (เบี้ยเหมา) - รถกระบะ | C50: Non Toyota | D50: UPC | F50: 13032 | G50: 9 | H50: 320 | I50: 500000 | J50: 10000000 | K50: 2500000 | L50: 200000 | M50: 300000 | N50: 300000 | O50: 1 | P50: 2 | Q50: 3
A51: =B51&C51&D51&G51&H51 -> มอเตอร์ แคร์ (เบี้ยเหมา) - รถกระบะNon ToyotaUPC10320 | B51: มอเตอร์ แคร์ (เบี้ยเหมา) - รถกระบะ | C51: Non Toyota | D51: UPC | F51: 13032 | G51: 10 | H51: 320 | I51: 500000 | J51: 10000000 | K51: 2500000 | L51: 200000 | M51: 300000 | N51: 300000 | O51: 1 | P51: 2 | Q51: 3
A52: =B52&C52&D52&G52&H52 -> มอเตอร์ แคร์ (เบี้ยเหมา) - รถกระบะNon ToyotaUPC11320 | B52: มอเตอร์ แคร์ (เบี้ยเหมา) - รถกระบะ | C52: Non Toyota | D52: UPC | F52: 13032 | G52: 11 | H52: 320 | I52: 500000 | J52: 10000000 | K52: 2500000 | L52: 200000 | M52: 300000 | N52: 300000 | O52: 1 | P52: 2 | Q52: 3
A53: =B53&C53&D53&G53&H53 -> มอเตอร์ แคร์ (เบี้ยเหมา) - รถกระบะNon ToyotaUPC12320 | B53: มอเตอร์ แคร์ (เบี้ยเหมา) - รถกระบะ | C53: Non Toyota | D53: UPC | F53: 13032 | G53: 12 | H53: 320 | I53: 500000 | J53: 10000000 | K53: 2500000 | L53: 200000 | M53: 300000 | N53: 300000 | O53: 1 | P53: 2 | Q53: 3
A54: =B54&C54&D54&G54&H54 -> มอเตอร์ แคร์ (เบี้ยเหมา) - รถกระบะNon ToyotaUPC13320 | B54: มอเตอร์ แคร์ (เบี้ยเหมา) - รถกระบะ | C54: Non Toyota | D54: UPC | F54: 13032 | G54: 13 | H54: 320 | I54: 500000 | J54: 10000000 | K54: 2500000 | L54: 200000 | M54: 300000 | N54: 300000 | O54: 1 | P54: 2 | Q54: 3
... A154: =B154&C154&D154&G154&H154 -> มอเตอร์ แคร์ (เบี้ยเหมา) - รถกระบะToyotaBMR15110 | B154: มอเตอร์ แคร์ (เบี้ยเหมา) - รถกระบะ | C154: Toyota | D154: BMR | F154: 15359 | G154: 15 | H154: 110 | I154: 500000 | J154: 10000000 | K154: 5000000 | L154: 200000 | M154: 300000 | N154: 300000 | O154: 1 | P154: 6 | Q154: 7
A155: =B155&C155&D155&G155&H155 -> มอเตอร์ แคร์ (เบี้ยเหมา) - รถเก๋ง SUVUPC2110 | B155: มอเตอร์ แคร์ (เบี้ยเหมา) - รถเก๋ง SUV | D155: UPC | F155: 15825 | G155: 2 | H155: 110 | I155: 500000 | J155: 10000000 | K155: 5000000 | L155: 200000 | M155: 300000 | N155: 300000 | O155: 1 | P155: 6 | Q155: 7
A156: =B156&C156&D156&G156&H156 -> มอเตอร์ แคร์ (เบี้ยเหมา) - รถเก๋ง SUVUPC3110 | B156: มอเตอร์ แคร์ (เบี้ยเหมา) - รถเก๋ง SUV | D156: UPC | F156: 15825 | G156: 3 | H156: 110 | I156: 500000 | J156: 10000000 | K156: 5000000 | L156: 200000 | M156: 300000 | N156: 300000 | O156: 1 | P156: 6 | Q156: 7
A157: =B157&C157&D157&G157&H157 -> มอเตอร์ แคร์ (เบี้ยเหมา) - รถเก๋ง SUVUPC4110 | B157: มอเตอร์ แคร์ (เบี้ยเหมา) - รถเก๋ง SUV | D157: UPC | F157: 15825 | G157: 4 | H157: 110 | I157: 500000 | J157: 10000000 | K157: 5000000 | L157: 200000 | M157: 300000 | N157: 300000 | O157: 1 | P157: 6 | Q157: 7
A158: =B158&C158&D158&G158&H158 -> มอเตอร์ แคร์ (เบี้ยเหมา) - รถเก๋ง SUVUPC5110 | B158: มอเตอร์ แคร์ (เบี้ยเหมา) - รถเก๋ง SUV | D158: UPC | F158: 15825 | G158: 5 | H158: 110 | I158: 500000 | J158: 10000000 | K158: 5000000 | L158: 200000 | M158: 300000 | N158: 300000 | O158: 1 | P158: 6 | Q158: 7
A159: =B159&C159&D159&G159&H159 -> มอเตอร์ แคร์ (เบี้ยเหมา) - รถเก๋ง SUVUPC6110 | B159: มอเตอร์ แคร์ (เบี้ยเหมา) - รถเก๋ง SUV | D159: UPC | F159: 13032 | G159: 6 | H159: 110 | I159: 500000 | J159: 10000000 | K159: 5000000 | L159: 200000 | M159: 300000 | N159: 300000 | O159: 1 | P159: 6 | Q159: 7
A160: =B160&C160&D160&G160&H160 -> มอเตอร์ แคร์ (เบี้ยเหมา) - รถเก๋ง SUVUPC7110 | B160: มอเตอร์ แคร์ (เบี้ยเหมา) - รถเก๋ง SUV | D160: UPC | F160: 13032 | G160: 7 | H160: 110 | I160: 500000 | J160: 10000000 | K160: 5000000 | L160: 200000 | M160: 300000 | N160: 300000 | O160: 1 | P160: 6 | Q160: 7
A161: =B161&C161&D161&G161&H161 -> มอเตอร์ แคร์ (เบี้ยเหมา) - รถเก๋ง SUVUPC8110 | B161: มอเตอร์ แคร์ (เบี้ยเหมา) - รถเก๋ง SUV | D161: UPC | F161: 13032 | G161: 8 | H161: 110 | I161: 500000 | J161: 10000000 | K161: 5000000 | L161: 200000 | M161: 300000 | N161: 300000 | O161: 1 | P161: 6 | Q161: 7
A162: =B162&C162&D162&G162&H162 -> มอเตอร์ แคร์ (เบี้ยเหมา) - รถเก๋ง SUVUPC9110 | B162: มอเตอร์ แคร์ (เบี้ยเหมา) - รถเก๋ง SUV | D162: UPC | F162: 13032 | G162: 9 | H162: 110 | I162: 500000 | J162: 10000000 | K162: 5000000 | L162: 200000 | M162: 300000 | N162: 300000 | O162: 1 | P162: 6 | Q162: 7
A163: =B163&C163&D163&G163&H163 -> มอเตอร์ แคร์ (เบี้ยเหมา) - รถเก๋ง SUVUPC10110 | B163: มอเตอร์ แคร์ (เบี้ยเหมา) - รถเก๋ง SUV | D163: UPC | F163: 13032 | G163: 10 | H163: 110 | I163: 500000 | J163: 10000000 | K163: 5000000 | L163: 200000 | M163: 300000 | N163: 300000 | O163: 1 | P163: 6 | Q163: 7
A164: =B164&C164&D164&G164&H164 -> มอเตอร์ แคร์ (เบี้ยเหมา) - รถเก๋ง SUVUPC11110 | B164: มอเตอร์ แคร์ (เบี้ยเหมา) - รถเก๋ง SUV | D164: UPC | F164: 13032 | G164: 11 | H164: 110 | I164: 500000 | J164: 10000000 | K164: 5000000 | L164: 200000 | M164: 300000 | N164: 300000 | O164: 1 | P164: 6 | Q164: 7
A165: =B165&C165&D165&G165&H165 -> มอเตอร์ แคร์ (เบี้ยเหมา) - รถเก๋ง SUVUPC12110 | B165: มอเตอร์ แคร์ (เบี้ยเหมา) - รถเก๋ง SUV | D165: UPC | F165: 13032 | G165: 12 | H165: 110 | I165: 500000 | J165: 10000000 | K165: 5000000 | L165: 200000 | M165: 300000 | N165: 300000 | O165: 1 | P165: 6 | Q165: 7
A166: =B166&C166&D166&G166&H166 -> มอเตอร์ แคร์ (เบี้ยเหมา) - รถเก๋ง SUVUPC13110 | B166: มอเตอร์ แคร์ (เบี้ยเหมา) - รถเก๋ง SUV | D166: UPC | F166: 13032 | G166: 13 | H166: 110 | I166: 500000 | J166: 10000000 | K166: 5000000 | L166: 200000 | M166: 300000 | N166: 300000 | O166: 1 | P166: 6 | Q166: 7
... A182: =B182&C182&D182&G182&H182 -> มอเตอร์ แคร์ (เบี้ยเหมา) - รถเก๋ง SUVBMR15110 | B182: มอเตอร์ แคร์ (เบี้ยเหมา) - รถเก๋ง SUV | D182: BMR | F182: 13963 | G182: 15 | H182: 110 | I182: 500000 | J182: 10000000 | K182: 5000000 | L182: 200000 | M182: 300000 | N182: 300000 | O182: 1 | P182: 6 | Q182: 7
A183: =B183&C183&D183&G183&H183 -> มอเตอร์ กระบะเต็มเต็ม (ติดแหนบ/คอก)2320 | B183: มอเตอร์ กระบะเต็มเต็ม (ติดแหนบ/คอก) | F183: 19083 | G183: 2 | H183: 320 | I183: 500000 | J183: 10000000 | K183: 2500000 | L183: 200000 | M183: 300000 | N183: 300000 | O183: 1 | P183: 2 | Q183: 3
A184: =B184&C184&D184&G184&H184 -> มอเตอร์ กระบะเต็มเต็ม (ติดแหนบ/คอก)3320 | B184: มอเตอร์ กระบะเต็มเต็ม (ติดแหนบ/คอก) | F184: 19083 | G184: 3 | H184: 320 | I184: 500000 | J184: 10000000 | K184: 2500000 | L184: 200000 | M184: 300000 | N184: 300000 | O184: 1 | P184: 2 | Q184: 3
A185: =B185&C185&D185&G185&H185 -> มอเตอร์ กระบะเต็มเต็ม (ติดแหนบ/คอก)4320 | B185: มอเตอร์ กระบะเต็มเต็ม (ติดแหนบ/คอก) | F185: 19083 | G185: 4 | H185: 320 | I185: 500000 | J185: 10000000 | K185: 2500000 | L185: 200000 | M185: 300000 | N185: 300000 | O185: 1 | P185: 2 | Q185: 3
A186: =B186&C186&D186&G186&H186 -> มอเตอร์ กระบะเต็มเต็ม (ติดแหนบ/คอก)5320 | B186: มอเตอร์ กระบะเต็มเต็ม (ติดแหนบ/คอก) | F186: 19083 | G186: 5 | H186: 320 | I186: 500000 | J186: 10000000 | K186: 2500000 | L186: 200000 | M186: 300000 | N186: 300000 | O186: 1 | P186: 2 | Q186: 3
A187: =B187&C187&D187&G187&H187 -> มอเตอร์ กระบะเต็มเต็ม (ติดแหนบ/คอก)6320 | B187: มอเตอร์ กระบะเต็มเต็ม (ติดแหนบ/คอก) | F187: 18152 | G187: 6 | H187: 320 | I187: 500000 | J187: 10000000 | K187: 2500000 | L187: 200000 | M187: 300000 | N187: 300000 | O187: 1 | P187: 2 | Q187: 3
A188: =B188&C188&D188&G188&H188 -> มอเตอร์ กระบะเต็มเต็ม (ติดแหนบ/คอก)7320 | B188: มอเตอร์ กระบะเต็มเต็ม (ติดแหนบ/คอก) | F188: 18152 | G188: 7 | H188: 320 | I188: 500000 | J188: 10000000 | K188: 2500000 | L188: 200000 | M188: 300000 | N188: 300000 | O188: 1 | P188: 2 | Q188: 3
A189: =B189&C189&D189&G189&H189 -> มอเตอร์ กระบะเต็มเต็ม (ติดแหนบ/คอก)8320 | B189: มอเตอร์ กระบะเต็มเต็ม (ติดแหนบ/คอก) | F189: 18152 | G189: 8 | H189: 320 | I189: 500000 | J189: 10000000 | K189: 2500000 | L189: 200000 | M189: 300000 | N189: 300000 | O189: 1 | P189: 2 | Q189: 3
A190: =B190&C190&D190&G190&H190 -> มอเตอร์ กระบะเต็มเต็ม (ติดแหนบ/คอก)9320 | B190: มอเตอร์ กระบะเต็มเต็ม (ติดแหนบ/คอก) | F190: 18152 | G190: 9 | H190: 320 | I190: 500000 | J190: 10000000 | K190: 2500000 | L190: 200000 | M190: 300000 | N190: 300000 | O190: 1 | P190: 2 | Q190: 3
A191: =B191&C191&D191&G191&H191 -> มอเตอร์ กระบะเต็มเต็ม (ติดแหนบ/คอก)10320 | B191: มอเตอร์ กระบะเต็มเต็ม (ติดแหนบ/คอก) | F191: 18152 | G191: 10 | H191: 320 | I191: 500000 | J191: 10000000 | K191: 2500000 | L191: 200000 | M191: 300000 | N191: 300000 | O191: 1 | P191: 2 | Q191: 3
A192: =B192&C192&D192&G192&H192 -> มอเตอร์ กระบะเต็มเต็ม (ติดแหนบ/คอก)11320 | B192: มอเตอร์ กระบะเต็มเต็ม (ติดแหนบ/คอก) | F192: 18152 | G192: 11 | H192: 320 | I192: 500000 | J192: 10000000 | K192: 2500000 | L192: 200000 | M192: 300000 | N192: 300000 | O192: 1 | P192: 2 | Q192: 3
A193: =B193&C193&D193&G193&H193 -> มอเตอร์ กระบะเต็มเต็ม (ติดแหนบ/คอก)12320 | B193: มอเตอร์ กระบะเต็มเต็ม (ติดแหนบ/คอก) | F193: 18152 | G193: 12 | H193: 320 | I193: 500000 | J193: 10000000 | K193: 2500000 | L193: 200000 | M193: 300000 | N193: 300000 | O193: 1 | P193: 2 | Q193: 3
A194: =B194&C194&D194&G194&H194 -> มอเตอร์ กระบะเต็มเต็ม (ติดแหนบ/คอก)13320 | B194: มอเตอร์ กระบะเต็มเต็ม (ติดแหนบ/คอก) | F194: 18152 | G194: 13 | H194: 320 | I194: 500000 | J194: 10000000 | K194: 2500000 | L194: 200000 | M194: 300000 | N194: 300000 | O194: 1 | P194: 2 | Q194: 3
... A210: =B210&C210&D210&G210&H210 -> มอเตอร์ กระบะเต็มเต็ม (ติดแหนบ/คอก)15110 | B210: มอเตอร์ กระบะเต็มเต็ม (ติดแหนบ/คอก) | F210: 18152 | G210: 15 | H210: 110 | I210: 500000 | J210: 10000000 | K210: 2500000 | L210: 200000 | M210: 300000 | N210: 300000 | O210: 1 | P210: 6 | Q210: 7

Sheet Dropdown_Mapping
B1: รถกระบะ 2 ประตู | D1: Ford Everest | F1: รถกระบะ 2 ประตู | G1: Ford Ranger | K1: Ford Everest | L1: 2553 | O1: Ford Everest_2553 | P1: 2500 | S1: Ford Everest_2553_2500 | T1: 180000 | U1: 180000 | V1: 300000 | W1: กระบี่ | X1: UPC | AA1: Ford Ranger | AB1: มอเตอร์ แคร์ (เบี้ยเหมา) - รถกระบะ | AG1: BRAND | AH1: MODEL | AI1: YEARGROUP | AJ1: YEAR_THAI | AK1: AGE | AQ1: BRAND | AR1: MODEL | AS1: YEARGROUP | AT1: YEAR_THAI | AU1: AGE | AV1: ENGINESIZE_PMA | BA1: BRAND | BB1: MODEL | BC1: YEARGROUP | BD1: YEAR_THAI | BE1: AGE | BF1: ENGINESIZE_PMA | BG1: SI | BH1: MIN_SI | BI1: MAX_SI
B2: รถกระบะ 4 ประตู | D2: Ford Ranger | F2: รถกระบะ 2 ประตู | G2: Isuzu D-Max | K2: Ford Everest | L2: 2554 | O2: Ford Everest_2553 | P2: 3000 | S2: Ford Everest_2553_2500 | T2: 190000 | U2: 180000 | V2: 300000 | W2: กรุงเทพมหานคร | X2: BMR | AA2: Ford Everest | AB2: มอเตอร์ แคร์ (เบี้ยเหมา) - รถเก๋ง SUV | AG2: Ford | AH2: Everest | AI2: 2010 | AJ2: 2553 | AK2: 15 | AM2: =AG2&" "&AH2 -> Ford Everest | AN2: =AJ2 -> 2553 | AQ2: Ford | AR2: Everest | AS2: 2010 | AT2: 2553 | AU2: 15 | AV2: 2.5 | AX2: =AQ2&" "&AR2&"_"&AT2 -> Ford Everest_2553 | AY2: =AV2*1000 -> 2500 | BA2: Ford | BB2: Everest | BC2: 2010 | BD2: 2553 | BE2: 15 | BF2: 2.5 | BG2: 180000 | BH2: 180000 | BI2: 300000 | BK2: =BA2&" "&BB2&"_"&BD2&"_"&BF2*1000 -> Ford Everest_2553_2500 | BL2: =BG2 -> 180000 | BM2: =BH2 -> 180000 | BN2: =BI2 -> 300000
B3: รถเก๋ง SUV | D3: Honda CR-V | F3: รถกระบะ 2 ประตู | G3: Mazda BT-50 | K3: Ford Everest | L3: 2555 | O3: Ford Everest_2554 | P3: 2500 | S3: Ford Everest_2553_2500 | T3: 200000 | U3: 180000 | V3: 300000 | W3: กาญจนบุรี | X3: UPC | AA3: Ford Ranger | AG3: Ford | AH3: Everest | AI3: 2011 | AJ3: 2554 | AK3: 14 | AM3: =AG3&" "&AH3 -> Ford Everest | AN3: =AJ3 -> 2554 | AQ3: Ford | AR3: Everest | AS3: 2010 | AT3: 2553 | AU3: 15 | AV3: 3 | AX3: =AQ3&" "&AR3&"_"&AT3 -> Ford Everest_2553 | AY3: =AV3*1000 -> 3000 | BA3: Ford | BB3: Everest | BC3: 2010 | BD3: 2553 | BE3: 15 | BF3: 2.5 | BG3: 190000 | BH3: 180000 | BI3: 300000 | BK3: =BA3&" "&BB3&"_"&BD3&"_"&BF3*1000 -> Ford Everest_2553_2500 | BL3: =BG3 -> 190000 | BM3: =BH3 -> 180000 | BN3: =BI3 -> 300000
D4: Isuzu D-Max | F4: รถกระบะ 2 ประตู | G4: Mazda BT-50 PRO | K4: Ford Everest | L4: 2556 | O4: Ford Everest_2554 | P4: 3000 | S4: Ford Everest_2553_2500 | T4: 210000 | U4: 180000 | V4: 300000 | W4: กาฬสินธุ์ | X4: UPC | AA4: Honda CR-V | AB4: มอเตอร์ แคร์ (เบี้ยเหมา) - รถเก๋ง SUV | AG4: Ford | AH4: Everest | AI4: 2012 | AJ4: 2555 | AK4: 13 | AM4: =AG4&" "&AH4 -> Ford Everest | AN4: =AJ4 -> 2555 | AQ4: Ford | AR4: Everest | AS4: 2011 | AT4: 2554 | AU4: 14 | AV4: 2.5 | AX4: =AQ4&" "&AR4&"_"&AT4 -> Ford Everest_2554 | AY4: =AV4*1000 -> 2500 | BA4: Ford | BB4: Everest | BC4: 2010 | BD4: 2553 | BE4: 15 | BF4: 2.5 | BG4: 200000 | BH4: 180000 | BI4: 300000 | BK4: =BA4&" "&BB4&"_"&BD4&"_"&BF4*1000 -> Ford Everest_2553_2500 | BL4: =BG4 -> 200000 | BM4: =BH4 -> 180000 | BN4: =BI4 -> 300000
D5: Isuzu MU-7 | F5: รถกระบะ 2 ประตู | G5: Mitsubishi Triton | K5: Ford Everest | L5: 2557 | O5: Ford Everest_2555 | P5: 2500 | S5: Ford Everest_2553_2500 | T5: 220000 | U5: 180000 | V5: 300000 | W5: กำแพงเพชร | X5: UPC | AA5: Isuzu D-Max | AB5: มอเตอร์ แคร์ (เบี้ยเหมา) - รถกระบะ | AG5: Ford | AH5: Everest | AI5: 2013 | AJ5: 2556 | AK5: 12 | AM5: =AG5&" "&AH5 -> Ford Everest | AN5: =AJ5 -> 2556 | AQ5: Ford | AR5: Everest | AS5: 2011 | AT5: 2554 | AU5: 14 | AV5: 3 | AX5: =AQ5&" "&AR5&"_"&AT5 -> Ford Everest_2554 | AY5: =AV5*1000 -> 3000 | BA5: Ford | BB5: Everest | BC5: 2010 | BD5: 2553 | BE5: 15 | BF5: 2.5 | BG5: 210000 | BH5: 180000 | BI5: 300000 | BK5: =BA5&" "&BB5&"_"&BD5&"_"&BF5*1000 -> Ford Everest_2553_2500 | BL5: =BG5 -> 210000 | BM5: =BH5 -> 180000 | BN5: =BI5 -> 300000
D6: Isuzu MU-X | F6: รถกระบะ 2 ประตู | G6: Nissan Frontier | K6: Ford Everest | L6: 2558 | O6: Ford Everest_2555 | P6: 3000 | S6: Ford Everest_2553_2500 | T6: 230000 | U6: 180000 | V6: 300000 | W6: ขอนแก่น | X6: UPC | AA6: Isuzu D-Max | AG6: Ford | AH6: Everest | AI6: 2014 | AJ6: 2557 | AK6: 11 | AM6: =AG6&" "&AH6 -> Ford Everest | AN6: =AJ6 -> 2557 | AQ6: Ford | AR6: Everest | AS6: 2012 | AT6: 2555 | AU6: 13 | AV6: 2.5 | AX6: =AQ6&" "&AR6&"_"&AT6 -> Ford Everest_2555 | AY6: =AV6*1000 -> 2500 | BA6: Ford | BB6: Everest | BC6: 2010 | BD6: 2553 | BE6: 15 | BF6: 2.5 | BG6: 220000 | BH6: 180000 | BI6: 300000 | BK6: =BA6&" "&BB6&"_"&BD6&"_"&BF6*1000 -> Ford Everest_2553_2500 | BL6: =BG6 -> 220000 | BM6: =BH6 -> 180000 | BN6: =BI6 -> 300000
D7: Mazda BT-50 | F7: รถกระบะ 2 ประตู | G7: Nissan Frontier Navara | K7: Ford Everest | L7: 2559 | O7: Ford Everest_2556 | P7: 2500 | S7: Ford Everest_2553_2500 | T7: 240000 | U7: 180000 | V7: 300000 | W7: จันทบุรี | X7: UPC | AA7: Isuzu MU-7 | AB7: มอเตอร์ แคร์ (เบี้ยเหมา) - รถเก๋ง SUV | AG7: Ford | AH7: Everest | AI7: 2015 | AJ7: 2558 | AK7: 10 | AM7: =AG7&" "&AH7 -> Ford Everest | AN7: =AJ7 -> 2558 | AQ7: Ford | AR7: Everest | AS7: 2012 | AT7: 2555 | AU7: 13 | AV7: 3 | AX7: =AQ7&" "&AR7&"_"&AT7 -> Ford Everest_2555 | AY7: =AV7*1000 -> 3000 | BA7: Ford | BB7: Everest | BC7: 2010 | BD7: 2553 | BE7: 15 | BF7: 2.5 | BG7: 230000 | BH7: 180000 | BI7: 300000 | BK7: =BA7&" "&BB7&"_"&BD7&"_"&BF7*1000 -> Ford Everest_2553_2500 | BL7: =BG7 -> 230000 | BM7: =BH7 -> 180000 | BN7: =BI7 -> 300000
D8: Mazda BT-50 PRO | F8: รถกระบะ 2 ประตู | G8: Nissan NP 300 Navara | K8: Ford Everest | L8: 2560 | O8: Ford Everest_2556 | P8: 3000 | S8: Ford Everest_2553_2500 | T8: 250000 | U8: 180000 | V8: 300000 | W8: ฉะเชิงเทรา | X8: UPC | AA8: Isuzu MU-X | AB8: มอเตอร์ แคร์ (เบี้ยเหมา) - รถเก๋ง SUV | AG8: Ford | AH8: Everest | AI8: 2016 | AJ8: 2559 | AK8: 9 | AM8: =AG8&" "&AH8 -> Ford Everest | AN8: =AJ8 -> 2559 | AQ8: Ford | AR8: Everest | AS8: 2013 | AT8: 2556 | AU8: 12 | AV8: 2.5 | AX8: =AQ8&" "&AR8&"_"&AT8 -> Ford Everest_2556 | AY8: =AV8*1000 -> 2500 | BA8: Ford | BB8: Everest | BC8: 2010 | BD8: 2553 | BE8: 15 | BF8: 2.5 | BG8: 240000 | BH8: 180000 | BI8: 300000 | BK8: =BA8&" "&BB8&"_"&BD8&"_"&BF8*1000 -> Ford Everest_2553_2500 | BL8: =BG8 -> 240000 | BM8: =BH8 -> 180000 | BN8: =BI8 -> 300000
D9: Mitsubishi Pajero Sport | F9: รถกระบะ 2 ประตู | G9: Suzuki Carry | K9: Ford Everest | L9: 2561 | O9: Ford Everest_2557 | P9: 2500 | S9: Ford Everest_2553_2500 | T9: 260000 | U9: 180000 | V9: 300000 | W9: ชลบุรี | X9: UPC | AA9: Mazda BT-50 | AB9: มอเตอร์ แคร์ (เบี้ยเหมา) - รถกระบะ | AG9: Ford | AH9: Everest | AI9: 2017 | AJ9: 2560 | AK9: 8 | AM9: =AG9&" "&AH9 -> Ford Everest | AN9: =AJ9 -> 2560 | AQ9: Ford | AR9: Everest | AS9: 2013 | AT9: 2556 | AU9: 12 | AV9: 3 | AX9: =AQ9&" "&AR9&"_"&AT9 -> Ford Everest_2556 | AY9: =AV9*1000 -> 3000 | BA9: Ford | BB9: Everest | BC9: 2010 | BD9: 2553 | BE9: 15 | BF9: 2.5 | BG9: 250000 | BH9: 180000 | BI9: 300000 | BK9: =BA9&" "&BB9&"_"&BD9&"_"&BF9*1000 -> Ford Everest_2553_2500 | BL9: =BG9 -> 250000 | BM9: =BH9 -> 180000 | BN9: =BI9 -> 300000
D10: Mitsubishi Triton | F10: รถกระบะ 2 ประตู | G10: Toyota Hilux Revo | K10: Ford Everest | L10: 2562 | O10: Ford Everest_2557 | P10: 3000 | S10: Ford Everest_2553_2500 | T10: 270000 | U10: 180000 | V10: 300000 | W10: ชัยนาท | X10: UPC | AA10: Mazda BT-50 | AG10: Ford | AH10: Everest | AI10: 2018 | AJ10: 2561 | AK10: 7 | AM10: =AG10&" "&AH10 -> Ford Everest | AN10: =AJ10 -> 2561 | AQ10: Ford | AR10: Everest | AS10: 2014 | AT10: 2557 | AU10: 11 | AV10: 2.5 | AX10: =AQ10&" "&AR10&"_"&AT10 -> Ford Everest_2557 | AY10: =AV10*1000 -> 2500 | BA10: Ford | BB10: Everest | BC10: 2010 | BD10: 2553 | BE10: 15 | BF10: 2.5 | BG10: 260000 | BH10: 180000 | BI10: 300000 | BK10: =BA10&" "&BB10&"_"&BD10&"_"&BF10*1000 -> Ford Everest_2553_2500 | BL10: =BG10 -> 260000 | BM10: =BH10 -> 180000 | BN10: =BI10 -> 300000
D11: Nissan Frontier | F11: รถกระบะ 2 ประตู | G11: Toyota Hilux Vigo | K11: Ford Everest | L11: 2563 | O11: Ford Everest_2558 | P11: 2200 | S11: Ford Everest_2553_2500 | T11: 280000 | U11: 180000 | V11: 300000 | W11: ชัยภูมิ | X11: UPC | AA11: Mazda BT-50 PRO | AB11: มอเตอร์ แคร์ (เบี้ยเหมา) - รถกระบะ | AG11: Ford | AH11: Everest | AI11: 2019 | AJ11: 2562 | AK11: 6 | AM11: =AG11&" "&AH11 -> Ford Everest | AN11: =AJ11 -> 2562 | AQ11: Ford | AR11: Everest | AS11: 2014 | AT11: 2557 | AU11: 11 | AV11: 3 | AX11: =AQ11&" "&AR11&"_"&AT11 -> Ford Everest_2557 | AY11: =AV11*1000 -> 3000 | BA11: Ford | BB11: Everest | BC11: 2010 | BD11: 2553 | BE11: 15 | BF11: 2.5 | BG11: 270000 | BH11: 180000 | BI11: 300000 | BK11: =BA11&" "&BB11&"_"&BD11&"_"&BF11*1000 -> Ford Everest_2553_2500 | BL11: =BG11 -> 270000 | BM11: =BH11 -> 180000 | BN11: =BI11 -> 300000
D12: Nissan Frontier Navara | F12: รถกระบะ 4 ประตู | G12: Ford Ranger | K12: Ford Everest | L12: 2564 | O12: Ford Everest_2558 | P12: 2500 | S12: Ford Everest_2553_2500 | T12: 290000 | U12: 180000 | V12: 300000 | W12: ชุมพร | X12: UPC | AA12: Mazda BT-50 PRO | AG12: Ford | AH12: Everest | AI12: 2020 | AJ12: 2563 | AK12: 5 | AM12: =AG12&" "&AH12 -> Ford Everest | AN12: =AJ12 -> 2563 | AQ12: Ford | AR12: Everest | AS12: 2015 | AT12: 2558 | AU12: 10 | AV12: 2.2 | AX12: =AQ12&" "&AR12&"_"&AT12 -> Ford Everest_2558 | AY12: =AV12*1000 -> 2200 | BA12: Ford | BB12: Everest | BC12: 2010 | BD12: 2553 | BE12: 15 | BF12: 2.5 | BG12: 280000 | BH12: 180000 | BI12: 300000 | BK12: =BA12&" "&BB12&"_"&BD12&"_"&BF12*1000 -> Ford Everest_2553_2500 | BL12: =BG12 -> 280000 | BM12: =BH12 -> 180000 | BN12: =BI12 -> 300000
D13: Nissan NP 300 Navara | F13: รถกระบะ 4 ประตู | G13: Isuzu D-Max | K13: Ford Everest | L13: 2565 | O13: Ford Everest_2558 | P13: 3000 | S13: Ford Everest_2553_2500 | T13: 300000 | U13: 180000 | V13: 300000 | W13: เชียงราย | X13: UPC | AA13: Mitsubishi Pajero Sport | AB13: มอเตอร์ แคร์ (เบี้ยเหมา) - รถเก๋ง SUV | AG13: Ford | AH13: Everest | AI13: 2021 | AJ13: 2564 | AK13: 4 | AM13: =AG13&" "&AH13 -> Ford Everest | AN13: =AJ13 -> 2564 | AQ13: Ford | AR13: Everest | AS13: 2015 | AT13: 2558 | AU13: 10 | AV13: 2.5 | AX13: =AQ13&" "&AR13&"_"&AT13 -> Ford Everest_2558 | AY13: =AV13*1000 -> 2500 | BA13: Ford | BB13: Everest | BC13: 2010 | BD13: 2553 | BE13: 15 | BF13: 2.5 | BG13: 290000 | BH13: 180000 | BI13: 300000 | BK13: =BA13&" "&BB13&"_"&BD13&"_"&BF13*1000 -> Ford Everest_2553_2500 | BL13: =BG13 -> 290000 | BM13: =BH13 -> 180000 | BN13: =BI13 -> 300000
D14: Suzuki Carry | F14: รถกระบะ 4 ประตู | G14: Mazda BT-50 | K14: Ford Everest | L14: 2566 | O14: Ford Everest_2558 | P14: 3200 | S14: Ford Everest_2553_3000 | T14: 230000 | U14: 230000 | V14: 320000 | W14: เชียงใหม่ | X14: UPC | AA14: Mitsubishi Triton | AB14: มอเตอร์ แคร์ (เบี้ยเหมา) - รถกระบะ | AG14: Ford | AH14: Everest | AI14: 2022 | AJ14: 2565 | AK14: 3 | AM14: =AG14&" "&AH14 -> Ford Everest | AN14: =AJ14 -> 2565 | AQ14: Ford | AR14: Everest | AS14: 2015 | AT14: 2558 | AU14: 10 | AV14: 3 | AX14: =AQ14&" "&AR14&"_"&AT14 -> Ford Everest_2558 | AY14: =AV14*1000 -> 3000 | BA14: Ford | BB14: Everest | BC14: 2010 | BD14: 2553 | BE14: 15 | BF14: 2.5 | BG14: 300000 | BH14: 180000 | BI14: 300000 | BK14: =BA14&" "&BB14&"_"&BD14&"_"&BF14*1000 -> Ford Everest_2553_2500 | BL14: =BG14 -> 300000 | BM14: =BH14 -> 180000 | BN14: =BI14 -> 300000
D15: Toyota Fortuner | F15: รถกระบะ 4 ประตู | G15: Mazda BT-50 PRO | K15: Ford Ranger | L15: 2553 | O15: Ford Everest_2559 | P15: 2200 | S15: Ford Everest_2553_3000 | T15: 240000 | U15: 230000 | V15: 320000 | W15: ตรัง | X15: UPC | AA15: Mitsubishi Triton | AG15: Ford | AH15: Everest | AI15: 2023 | AJ15: 2566 | AK15: 2 | AM15: =AG15&" "&AH15 -> Ford Everest | AN15: =AJ15 -> 2566 | AQ15: Ford | AR15: Everest | AS15: 2015 | AT15: 2558 | AU15: 10 | AV15: 3.2 | AX15: =AQ15&" "&AR15&"_"&AT15 -> Ford Everest_2558 | AY15: =AV15*1000 -> 3200 | BA15: Ford | BB15: Everest | BC15: 2010 | BD15: 2553 | BE15: 15 | BF15: 3 | BG15: 230000 | BH15: 230000 | BI15: 320000 | BK15: =BA15&" "&BB15&"_"&BD15&"_"&BF15*1000 -> Ford Everest_2553_3000 | BL15: =BG15 -> 230000 | BM15: =BH15 -> 230000 | BN15: =BI15 -> 320000
D16: Toyota Hilux Revo | F16: รถกระบะ 4 ประตู | G16: Mitsubishi Triton | K16: Ford Ranger | L16: 2554 | O16: Ford Everest_2559 | P16: 3200 | S16: Ford Everest_2553_3000 | T16: 250000 | U16: 230000 | V16: 320000 | W16: ตราด | X16: UPC | AA16: Nissan Frontier | AB16: มอเตอร์ แคร์ (เบี้ยเหมา) - รถกระบะ | AG16: Ford | AH16: Ranger | AI16: 2010 | AJ16: 2553 | AK16: 15 | AM16: =AG16&" "&AH16 -> Ford Ranger | AN16: =AJ16 -> 2553 | AQ16: Ford | AR16: Everest | AS16: 2016 | AT16: 2559 | AU16: 9 | AV16: 2.2 | AX16: =AQ16&" "&AR16&"_"&AT16 -> Ford Everest_2559 | AY16: =AV16*1000 -> 2200 | BA16: Ford | BB16: Everest | BC16: 2010 | BD16: 2553 | BE16: 15 | BF16: 3 | BG16: 240000 | BH16: 230000 | BI16: 320000 | BK16: =BA16&" "&BB16&"_"&BD16&"_"&BF16*1000 -> Ford Everest_2553_3000 | BL16: =BG16 -> 240000 | BM16: =BH16 -> 230000 | BN16: =BI16 -> 320000
D17: Toyota Hilux Vigo | F17: รถกระบะ 4 ประตู | G17: Nissan Frontier | K17: Ford Ranger | L17: 2555 | O17: Ford Everest_2560 | P17: 2200 | S17: Ford Everest_2553_3000 | T17: 260000 | U17: 230000 | V17: 320000 | W17: ตาก | X17: UPC | AA17: Nissan Frontier | AG17: Ford | AH17: Ranger | AI17: 2011 | AJ17: 2554 | AK17: 14 | AM17: =AG17&" "&AH17 -> Ford Ranger | AN17: =AJ17 -> 2554 | AQ17: Ford | AR17: Everest | AS17: 2016 | AT17: 2559 | AU17: 9 | AV17: 3.2 | AX17: =AQ17&" "&AR17&"_"&AT17 -> Ford Everest_2559 | AY17: =AV17*1000 -> 3200 | BA17: Ford | BB17: Everest | BC17: 2010 | BD17: 2553 | BE17: 15 | BF17: 3 | BG17: 250000 | BH17: 230000 | BI17: 320000 | BK17: =BA17&" "&BB17&"_"&BD17&"_"&BF17*1000 -> Ford Everest_2553_3000 | BL17: =BG17 -> 250000 | BM17: =BH17 -> 230000 | BN17: =BI17 -> 320000
F18: รถกระบะ 4 ประตู | G18: Nissan Frontier Navara | K18: Ford Ranger | L18: 2556 | O18: Ford Everest_2560 | P18: 3200 | S18: Ford Everest_2553_3000 | T18: 270000 | U18: 230000 | V18: 320000 | W18: นครนายก | X18: UPC | AA18: Nissan Frontier Navara | AB18: มอเตอร์ แคร์ (เบี้ยเหมา) - รถกระบะ | AG18: Ford | AH18: Ranger | AI18: 2012 | AJ18: 2555 | AK18: 13 | AM18: =AG18&" "&AH18 -> Ford Ranger | AN18: =AJ18 -> 2555 | AQ18: Ford | AR18: Everest | AS18: 2017 | AT18: 2560 | AU18: 8 | AV18: 2.2 | AX18: =AQ18&" "&AR18&"_"&AT18 -> Ford Everest_2560 | AY18: =AV18*1000 -> 2200 | BA18: Ford | BB18: Everest | BC18: 2010 | BD18: 2553 | BE18: 15 | BF18: 3 | BG18: 260000 | BH18: 230000 | BI18: 320000 | BK18: =BA18&" "&BB18&"_"&BD18&"_"&BF18*1000 -> Ford Everest_2553_3000 | BL18: =BG18 -> 260000 | BM18: =BH18 -> 230000 | BN18: =BI18 -> 320000
F19: รถกระบะ 4 ประตู | G19: Nissan NP 300 Navara | K19: Ford Ranger | L19: 2557 | O19: Ford Everest_2561 | P19: 2000 | S19: Ford Everest_2553_3000 | T19: 280000 | U19: 230000 | V19: 320000 | W19: นครปฐม | X19: BMR | AA19: Nissan Frontier Navara | AB19: มอเตอร์ กระบะเต็มเต็ม (ติดแหนบ/คอก) | AG19: Ford | AH19: Ranger | AI19: 2013 | AJ19: 2556 | AK19: 12 | AM19: =AG19&" "&AH19 -> Ford Ranger | AN19: =AJ19 -> 2556 | AQ19: Ford | AR19: Everest | AS19: 2017 | AT19: 2560 | AU19: 8 | AV19: 3.2 | AX19: =AQ19&" "&AR19&"_"&AT19 -> Ford Everest_2560 | AY19: =AV19*1000 -> 3200 | BA19: Ford | BB19: Everest | BC19: 2010 | BD19: 2553 | BE19: 15 | BF19: 3 | BG19: 270000 | BH19: 230000 | BI19: 320000 | BK19: =BA19&" "&BB19&"_"&BD19&"_"&BF19*1000 -> Ford Everest_2553_3000 | BL19: =BG19 -> 270000 | BM19: =BH19 -> 230000 | BN19: =BI19 -> 320000
F20: รถกระบะ 4 ประตู | G20: Toyota Hilux Revo | K20: Ford Ranger | L20: 2558 | O20: Ford Everest_2561 | P20: 2200 | S20: Ford Everest_2553_3000 | T20: 290000 | U20: 230000 | V20: 320000 | W20: นครพนม | X20: UPC | AA20: Nissan NP 300 Navara | AB20: มอเตอร์ แคร์ (เบี้ยเหมา) - รถกระบะ | AG20: Ford | AH20: Ranger | AI20: 2014 | AJ20: 2557 | AK20: 11 | AM20: =AG20&" "&AH20 -> Ford Ranger | AN20: =AJ20 -> 2557 | AQ20: Ford | AR20: Everest | AS20: 2018 | AT20: 2561 | AU20: 7 | AV20: 2 | AX20: =AQ20&" "&AR20&"_"&AT20 -> Ford Everest_2561 | AY20: =AV20*1000 -> 2000 | BA20: Ford | BB20: Everest | BC20: 2010 | BD20: 2553 | BE20: 15 | BF20: 3 | BG20: 280000 | BH20: 230000 | BI20: 320000 | BK20: =BA20&" "&BB20&"_"&BD20&"_"&BF20*1000 -> Ford Everest_2553_3000 | BL20: =BG20 -> 280000 | BM20: =BH20 -> 230000 | BN20: =BI20 -> 320000
F21: รถกระบะ 4 ประตู | G21: Toyota Hilux Vigo | K21: Ford Ranger | L21: 2559 | O21: Ford Everest_2561 | P21: 3200 | S21: Ford Everest_2553_3000 | T21: 300000 | U21: 230000 | V21: 320000 | W21: นครราชสีมา | X21: UPC | AA21: Nissan NP 300 Navara | AG21: Ford | AH21: Ranger | AI21: 2015 | AJ21: 2558 | AK21: 10 | AM21: =AG21&" "&AH21 -> Ford Ranger | AN21: =AJ21 -> 2558 | AQ21: Ford | AR21: Everest | AS21: 2018 | AT21: 2561 | AU21: 7 | AV21: 2.2 | AX21: =AQ21&" "&AR21&"_"&AT21 -> Ford Everest_2561 | AY21: =AV21*1000 -> 2200 | BA21: Ford | BB21: Everest | BC21: 2010 | BD21: 2553 | BE21: 15 | BF21: 3 | BG21: 290000 | BH21: 230000 | BI21: 320000 | BK21: =BA21&" "&BB21&"_"&BD21&"_"&BF21*1000 -> Ford Everest_2553_3000 | BL21: =BG21 -> 290000 | BM21: =BH21 -> 230000 | BN21: =BI21 -> 320000
F22: รถเก๋ง SUV | G22: Ford Everest | K22: Ford Ranger | L22: 2560 | O22: Ford Everest_2562 | P22: 2000 | S22: Ford Everest_2553_3000 | T22: 310000 | U22: 230000 | V22: 320000 | W22: นครศรีธรรมราช | X22: UPC | AA22: Suzuki Carry | AB22: มอเตอร์ แคร์ (เบี้ยเหมา) - รถกระบะ | AG22: Ford | AH22: Ranger | AI22: 2016 | AJ22: 2559 | AK22: 9 | AM22: =AG22&" "&AH22 -> Ford Ranger | AN22: =AJ22 -> 2559 | AQ22: Ford | AR22: Everest | AS22: 2018 | AT22: 2561 | AU22: 7 | AV22: 3.2 | AX22: =AQ22&" "&AR22&"_"&AT22 -> Ford Everest_2561 | AY22: =AV22*1000 -> 3200 | BA22: Ford | BB22: Everest | BC22: 2010 | BD22: 2553 | BE22: 15 | BF22: 3 | BG22: 300000 | BH22: 230000 | BI22: 320000 | BK22: =BA22&" "&BB22&"_"&BD22&"_"&BF22*1000 -> Ford Everest_2553_3000 | BL22: =BG22 -> 300000 | BM22: =BH22 -> 230000 | BN22: =BI22 -> 320000
F23: รถเก๋ง SUV | G23: Honda CR-V | K23: Ford Ranger | L23: 2561 | O23: Ford Everest_2563 | P23: 2000 | S23: Ford Everest_2553_3000 | T23: 320000 | U23: 230000 | V23: 320000 | W23: นครสวรรค์ | X23: UPC | AA23: Toyota Fortuner | AB23: มอเตอร์ แคร์ (เบี้ยเหมา) - รถเก๋ง SUV | AG23: Ford | AH23: Ranger | AI23: 2017 | AJ23: 2560 | AK23: 8 | AM23: =AG23&" "&AH23 -> Ford Ranger | AN23: =AJ23 -> 2560 | AQ23: Ford | AR23: Everest | AS23: 2019 | AT23: 2562 | AU23: 6 | AV23: 2 | AX23: =AQ23&" "&AR23&"_"&AT23 -> Ford Everest_2562 | AY23: =AV23*1000 -> 2000 | BA23: Ford | BB23: Everest | BC23: 2010 | BD23: 2553 | BE23: 15 | BF23: 3 | BG23: 310000 | BH23: 230000 | BI23: 320000 | BK23: =BA23&" "&BB23&"_"&BD23&"_"&BF23*1000 -> Ford Everest_2553_3000 | BL23: =BG23 -> 310000 | BM23: =BH23 -> 230000 | BN23: =BI23 -> 320000
F24: รถเก๋ง SUV | G24: Isuzu MU-7 | K24: Ford Ranger | L24: 2562 | O24: Ford Everest_2564 | P24: 2000 | S24: Ford Everest_2554_2500 | T24: 190000 | U24: 190000 | V24: 300000 | W24: นนทบุรี | X24: BMR | AA24: Toyota Hilux Revo | AB24: มอเตอร์ แคร์ (เบี้ยเหมา) - รถกระบะ | AG24: Ford | AH24: Ranger | AI24: 2018 | AJ24: 2561 | AK24: 7 | AM24: =AG24&" "&AH24 -> Ford Ranger | AN24: =AJ24 -> 2561 | AQ24: Ford | AR24: Everest | AS24: 2020 | AT24: 2563 | AU24: 5 | AV24: 2 | AX24: =AQ24&" "&AR24&"_"&AT24 -> Ford Everest_2563 | AY24: =AV24*1000 -> 2000 | BA24: Ford | BB24: Everest | BC24: 2010 | BD24: 2553 | BE24: 15 | BF24: 3 | BG24: 320000 | BH24: 230000 | BI24: 320000 | BK24: =BA24&" "&BB24&"_"&BD24&"_"&BF24*1000 -> Ford Everest_2553_3000 | BL24: =BG24 -> 320000 | BM24: =BH24 -> 230000 | BN24: =BI24 -> 320000
F25: รถเก๋ง SUV | G25: Isuzu MU-X | K25: Ford Ranger | L25: 2563 | O25: Ford Everest_2565 | P25: 2000 | S25: Ford Everest_2554_2500 | T25: 200000 | U25: 190000 | V25: 300000 | W25: นราธิวาส | X25: UPC | AA25: Toyota Hilux Revo | AG25: Ford | AH25: Ranger | AI25: 2019 | AJ25: 2562 | AK25: 6 | AM25: =AG25&" "&AH25 -> Ford Ranger | AN25: =AJ25 -> 2562 | AQ25: Ford | AR25: Everest | AS25: 2021 | AT25: 2564 | AU25: 4 | AV25: 2 | AX25: =AQ25&" "&AR25&"_"&AT25 -> Ford Everest_2564 | AY25: =AV25*1000 -> 2000 | BA25: Ford | BB25: Everest | BC25: 2011 | BD25: 2554 | BE25: 14 | BF25: 2.5 | BG25: 190000 | BH25: 190000 | BI25: 300000 | BK25: =BA25&" "&BB25&"_"&BD25&"_"&BF25*1000 -> Ford Everest_2554_2500 | BL25: =BG25 -> 190000 | BM25: =BH25 -> 190000 | BN25: =BI25 -> 300000
F26: รถเก๋ง SUV | G26: Mitsubishi Pajero Sport | K26: Ford Ranger | L26: 2564 | O26: Ford Everest_2566 | P26: 2000 | S26: Ford Everest_2554_2500 | T26: 210000 | U26: 190000 | V26: 300000 | W26: น่าน | X26: UPC | AA26: Toyota Hilux Vigo | AB26: มอเตอร์ แคร์ (เบี้ยเหมา) - รถกระบะ | AG26: Ford | AH26: Ranger | AI26: 2020 | AJ26: 2563 | AK26: 5 | AM26: =AG26&" "&AH26 -> Ford Ranger | AN26: =AJ26 -> 2563 | AQ26: Ford | AR26: Everest | AS26: 2022 | AT26: 2565 | AU26: 3 | AV26: 2 | AX26: =AQ26&" "&AR26&"_"&AT26 -> Ford Everest_2565 | AY26: =AV26*1000 -> 2000 | BA26: Ford | BB26: Everest | BC26: 2011 | BD26: 2554 | BE26: 14 | BF26: 2.5 | BG26: 200000 | BH26: 190000 | BI26: 300000 | BK26: =BA26&" "&BB26&"_"&BD26&"_"&BF26*1000 -> Ford Everest_2554_2500 | BL26: =BG26 -> 200000 | BM26: =BH26 -> 190000 | BN26: =BI26 -> 300000
F27: รถเก๋ง SUV | G27: Toyota Fortuner | K27: Ford Ranger | L27: 2565 | O27: Ford Ranger_2553 | P27: 2500 | S27: Ford Everest_2554_2500 | T27: 220000 | U27: 190000 | V27: 300000 | W27: บึงกาฬ | X27: UPC | AA27: Toyota Hilux Vigo | AG27: Ford | AH27: Ranger | AI27: 2021 | AJ27: 2564 | AK27: 4 | AM27: =AG27&" "&AH27 -> Ford Ranger | AN27: =AJ27 -> 2564 | AQ27: Ford | AR27: Everest | AS27: 2023 | AT27: 2566 | AU27: 2 | AV27: 2 | AX27: =AQ27&" "&AR27&"_"&AT27 -> Ford Everest_2566 | AY27: =AV27*1000 -> 2000 | BA27: Ford | BB27: Everest | BC27: 2011 | BD27: 2554 | BE27: 14 | BF27: 2.5 | BG27: 210000 | BH27: 190000 | BI27: 300000 | BK27: =BA27&" "&BB27&"_"&BD27&"_"&BF27*1000 -> Ford Everest_2554_2500 | BL27: =BG27 -> 210000 | BM27: =BH27 -> 190000 | BN27: =BI27 -> 300000
K28: Ford Ranger | L28: 2566 | O28: Ford Ranger_2553 | P28: 3000 | S28: Ford Everest_2554_2500 | T28: 230000 | U28: 190000 | V28: 300000 | W28: บุรีรัมย์ | X28: UPC | AG28: Ford | AH28: Ranger | AI28: 2022 | AJ28: 2565 | AK28: 3 | AM28: =AG28&" "&AH28 -> Ford Ranger | AN28: =AJ28 -> 2565 | AQ28: Ford | AR28: Ranger | AS28: 2010 | AT28: 2553 | AU28: 15 | AV28: 2.5 | AX28: =AQ28&" "&AR28&"_"&AT28 -> Ford Ranger_2553 | AY28: =AV28*1000 -> 2500 | BA28: Ford | BB28: Everest | BC28: 2011 | BD28: 2554 | BE28: 14 | BF28: 2.5 | BG28: 220000 | BH28: 190000 | BI28: 300000 | BK28: =BA28&" "&BB28&"_"&BD28&"_"&BF28*1000 -> Ford Everest_2554_2500 | BL28: =BG28 -> 220000 | BM28: =BH28 -> 190000 | BN28: =BI28 -> 300000
K29: Honda CR-V | L29: 2553 | O29: Ford Ranger_2554 | P29: 2200 | S29: Ford Everest_2554_2500 | T29: 240000 | U29: 190000 | V29: 300000 | W29: เบตง | X29: UPC | AG29: Ford | AH29: Ranger | AI29: 2023 | AJ29: 2566 | AK29: 2 | AM29: =AG29&" "&AH29 -> Ford Ranger | AN29: =AJ29 -> 2566 | AQ29: Ford | AR29: Ranger | AS29: 2010 | AT29: 2553 | AU29: 15 | AV29: 3 | AX29: =AQ29&" "&AR29&"_"&AT29 -> Ford Ranger_2553 | AY29: =AV29*1000 -> 3000 | BA29: Ford | BB29: Everest | BC29: 2011 | BD29: 2554 | BE29: 14 | BF29: 2.5 | BG29: 230000 | BH29: 190000 | BI29: 300000 | BK29: =BA29&" "&BB29&"_"&BD29&"_"&BF29*1000 -> Ford Everest_2554_2500 | BL29: =BG29 -> 230000 | BM29: =BH29 -> 190000 | BN29: =BI29 -> 300000
K30: Honda CR-V | L30: 2554 | O30: Ford Ranger_2554 | P30: 2500 | S30: Ford Everest_2554_2500 | T30: 250000 | U30: 190000 | V30: 300000 | AG30: Honda | AH30: CR-V | AI30: 2010 | AJ30: 2553 | AK30: 15 | AM30: =AG30&" "&AH30 -> Honda CR-V | AN30: =AJ30 -> 2553 | AQ30: Ford | AR30: Ranger | AS30: 2011 | AT30: 2554 | AU30: 14 | AV30: 2.2 | AX30: =AQ30&" "&AR30&"_"&AT30 -> Ford Ranger_2554 | AY30: =AV30*1000 -> 2200 | BA30: Ford | BB30: Everest | BC30: 2011 | BD30: 2554 | BE30: 14 | BF30: 2.5 | BG30: 240000 | BH30: 190000 | BI30: 300000 | BK30: =BA30&" "&BB30&"_"&BD30&"_"&BF30*1000 -> Ford Everest_2554_2500 | BL30: =BG30 -> 240000 | BM30: =BH30 -> 190000 | BN30: =BI30 -> 300000
K31: Honda CR-V | L31: 2555 | O31: Ford Ranger_2554 | P31: 3000 | S31: Ford Everest_2554_2500 | T31: 260000 | U31: 190000 | V31: 300000 | W31: ปทุมธานี | X31: BMR | AG31: Honda | AH31: CR-V | AI31: 2011 | AJ31: 2554 | AK31: 14 | AM31: =AG31&" "&AH31 -> Honda CR-V | AN31: =AJ31 -> 2554 | AQ31: Ford | AR31: Ranger | AS31: 2011 | AT31: 2554 | AU31: 14 | AV31: 2.5 | AX31: =AQ31&" "&AR31&"_"&AT31 -> Ford Ranger_2554 | AY31: =AV31*1000 -> 2500 | BA31: Ford | BB31: Everest | BC31: 2011 | BD31: 2554 | BE31: 14 | BF31: 2.5 | BG31: 250000 | BH31: 190000 | BI31: 300000 | BK31: =BA31&" "&BB31&"_"&BD31&"_"&BF31*1000 -> Ford Everest_2554_2500 | BL31: =BG31 -> 250000 | BM31: =BH31 -> 190000 | BN31: =BI31 -> 300000
K32: Honda CR-V | L32: 2556 | O32: Ford Ranger_2554 | P32: 3200 | S32: Ford Everest_2554_2500 | T32: 270000 | U32: 190000 | V32: 300000 | W32: ประจวบคีรีขันธ์ | X32: UPC | AA32: 2024 | AB32: =AA32+543 -> 2567 | AG32: Honda | AH32: CR-V | AI32: 2012 | AJ32: 2555 | AK32: 13 | AM32: =AG32&" "&AH32 -> Honda CR-V | AN32: =AJ32 -> 2555 | AQ32: Ford | AR32: Ranger | AS32: 2011 | AT32: 2554 | AU32: 14 | AV32: 3 | AX32: =AQ32&" "&AR32&"_"&AT32 -> Ford Ranger_2554 | AY32: =AV32*1000 -> 3000 | BA32: Ford | BB32: Everest | BC32: 2011 | BD32: 2554 | BE32: 14 | BF32: 2.5 | BG32: 260000 | BH32: 190000 | BI32: 300000 | BK32: =BA32&" "&BB32&"_"&BD32&"_"&BF32*1000 -> Ford Everest_2554_2500 | BL32: =BG32 -> 260000 | BM32: =BH32 -> 190000 | BN32: =BI32 -> 300000
K33: Honda CR-V | L33: 2557 | O33: Ford Ranger_2555 | P33: 2200 | S33: Ford Everest_2554_2500 | T33: 280000 | U33: 190000 | V33: 300000 | W33: ปราจีนบุรี | X33: UPC | AG33: Honda | AH33: CR-V | AI33: 2013 | AJ33: 2556 | AK33: 12 | AM33: =AG33&" "&AH33 -> Honda CR-V | AN33: =AJ33 -> 2556 | AQ33: Ford | AR33: Ranger | AS33: 2011 | AT33: 2554 | AU33: 14 | AV33: 3.2 | AX33: =AQ33&" "&AR33&"_"&AT33 -> Ford Ranger_2554 | AY33: =AV33*1000 -> 3200 | BA33: Ford | BB33: Everest | BC33: 2011 | BD33: 2554 | BE33: 14 | BF33: 2.5 | BG33: 270000 | BH33: 190000 | BI33: 300000 | BK33: =BA33&" "&BB33&"_"&BD33&"_"&BF33*1000 -> Ford Everest_2554_2500 | BL33: =BG33 -> 270000 | BM33: =BH33 -> 190000 | BN33: =BI33 -> 300000
K34: Honda CR-V | L34: 2558 | O34: Ford Ranger_2555 | P34: 2500 | S34: Ford Everest_2554_2500 | T34: 290000 | U34: 190000 | V34: 300000 | W34: ปัตตานี | X34: UPC | AG34: Honda | AH34: CR-V | AI34: 2014 | AJ34: 2557 | AK34: 11 | AM34: =AG34&" "&AH34 -> Honda CR-V | AN34: =AJ34 -> 2557 | AQ34: Ford | AR34: Ranger | AS34: 2012 | AT34: 2555 | AU34: 13 | AV34: 2.2 | AX34: =AQ34&" "&AR34&"_"&AT34 -> Ford Ranger_2555 | AY34: =AV34*1000 -> 2200 | BA34: Ford | BB34: Everest | BC34: 2011 | BD34: 2554 | BE34: 14 | BF34: 2.5 | BG34: 280000 | BH34: 190000 | BI34: 300000 | BK34: =BA34&" "&BB34&"_"&BD34&"_"&BF34*1000 -> Ford Everest_2554_2500 | BL34: =BG34 -> 280000 | BM34: =BH34 -> 190000 | BN34: =BI34 -> 300000
K35: Honda CR-V | L35: 2559 | O35: Ford Ranger_2555 | P35: 3000 | S35: Ford Everest_2554_2500 | T35: 300000 | U35: 190000 | V35: 300000 | W35: พระนครศรีอยุธยา | X35: UPC | AG35: Honda | AH35: CR-V | AI35: 2015 | AJ35: 2558 | AK35: 10 | AM35: =AG35&" "&AH35 -> Honda CR-V | AN35: =AJ35 -> 2558 | AQ35: Ford | AR35: Ranger | AS35: 2012 | AT35: 2555 | AU35: 13 | AV35: 2.5 | AX35: =AQ35&" "&AR35&"_"&AT35 -> Ford Ranger_2555 | AY35: =AV35*1000 -> 2500 | BA35: Ford | BB35: Everest | BC35: 2011 | BD35: 2554 | BE35: 14 | BF35: 2.5 | BG35: 290000 | BH35: 190000 | BI35: 300000 | BK35: =BA35&" "&BB35&"_"&BD35&"_"&BF35*1000 -> Ford Everest_2554_2500 | BL35: =BG35 -> 290000 | BM35: =BH35 -> 190000 | BN35: =BI35 -> 300000
K36: Honda CR-V | L36: 2560 | O36: Ford Ranger_2555 | P36: 3200 | S36: Ford Everest_2554_3000 | T36: 230000 | U36: 230000 | V36: 330000 | W36: พะเยา | X36: UPC | AG36: Honda | AH36: CR-V | AI36: 2016 | AJ36: 2559 | AK36: 9 | AM36: =AG36&" "&AH36 -> Honda CR-V | AN36: =AJ36 -> 2559 | AQ36: Ford | AR36: Ranger | AS36: 2012 | AT36: 2555 | AU36: 13 | AV36: 3 | AX36: =AQ36&" "&AR36&"_"&AT36 -> Ford Ranger_2555 | AY36: =AV36*1000 -> 3000 | BA36: Ford | BB36: Everest | BC36: 2011 | BD36: 2554 | BE36: 14 | BF36: 2.5 | BG36: 300000 | BH36: 190000 | BI36: 300000 | BK36: =BA36&" "&BB36&"_"&BD36&"_"&BF36*1000 -> Ford Everest_2554_2500 | BL36: =BG36 -> 300000 | BM36: =BH36 -> 190000 | BN36: =BI36 -> 300000
K37: Honda CR-V | L37: 2561 | O37: Ford Ranger_2556 | P37: 2200 | S37: Ford Everest_2554_3000 | T37: 240000 | U37: 230000 | V37: 330000 | W37: พังงา | X37: UPC | AG37: Honda | AH37: CR-V | AI37: 2017 | AJ37: 2560 | AK37: 8 | AM37: =AG37&" "&AH37 -> Honda CR-V | AN37: =AJ37 -> 2560 | AQ37: Ford | AR37: Ranger | AS37: 2012 | AT37: 2555 | AU37: 13 | AV37: 3.2 | AX37: =AQ37&" "&AR37&"_"&AT37 -> Ford Ranger_2555 | AY37: =AV37*1000 -> 3200 | BA37: Ford | BB37: Everest | BC37: 2011 | BD37: 2554 | BE37: 14 | BF37: 3 | BG37: 230000 | BH37: 230000 | BI37: 330000 | BK37: =BA37&" "&BB37&"_"&BD37&"_"&BF37*1000 -> Ford Everest_2554_3000 | BL37: =BG37 -> 230000 | BM37: =BH37 -> 230000 | BN37: =BI37 -> 330000
K38: Honda CR-V | L38: 2562 | O38: Ford Ranger_2556 | P38: 2500 | S38: Ford Everest_2554_3000 | T38: 250000 | U38: 230000 | V38: 330000 | W38: พัทลุง | X38: UPC | AG38: Honda | AH38: CR-V | AI38: 2018 | AJ38: 2561 | AK38: 7 | AM38: =AG38&" "&AH38 -> Honda CR-V | AN38: =AJ38 -> 2561 | AQ38: Ford | AR38: Ranger | AS38: 2013 | AT38: 2556 | AU38: 12 | AV38: 2.2 | AX38: =AQ38&" "&AR38&"_"&AT38 -> Ford Ranger_2556 | AY38: =AV38*1000 -> 2200 | BA38: Ford | BB38: Everest | BC38: 2011 | BD38: 2554 | BE38: 14 | BF38: 3 | BG38: 240000 | BH38: 230000 | BI38: 330000 | BK38: =BA38&" "&BB38&"_"&BD38&"_"&BF38*1000 -> Ford Everest_2554_3000 | BL38: =BG38 -> 240000 | BM38: =BH38 -> 230000 | BN38: =BI38 -> 330000
K39: Honda CR-V | L39: 2563 | O39: Ford Ranger_2556 | P39: 3200 | S39: Ford Everest_2554_3000 | T39: 260000 | U39: 230000 | V39: 330000 | W39: พิจิตร | X39: UPC | AG39: Honda | AH39: CR-V | AI39: 2019 | AJ39: 2562 | AK39: 6 | AM39: =AG39&" "&AH39 -> Honda CR-V | AN39: =AJ39 -> 2562 | AQ39: Ford | AR39: Ranger | AS39: 2013 | AT39: 2556 | AU39: 12 | AV39: 2.5 | AX39: =AQ39&" "&AR39&"_"&AT39 -> Ford Ranger_2556 | AY39: =AV39*1000 -> 2500 | BA39: Ford | BB39: Everest | BC39: 2011 | BD39: 2554 | BE39: 14 | BF39: 3 | BG39: 250000 | BH39: 230000 | BI39: 330000 | BK39: =BA39&" "&BB39&"_"&BD39&"_"&BF39*1000 -> Ford Everest_2554_3000 | BL39: =BG39 -> 250000 | BM39: =BH39 -> 230000 | BN39: =BI39 -> 330000
K40: Honda CR-V | L40: 2564 | O40: Ford Ranger_2557 | P40: 2200 | S40: Ford Everest_2554_3000 | T40: 270000 | U40: 230000 | V40: 330000 | W40: พิษณุโลก | X40: UPC | AG40: Honda | AH40: CR-V | AI40: 2020 | AJ40: 2563 | AK40: 5 | AM40: =AG40&" "&AH40 -> Honda CR-V | AN40: =AJ40 -> 2563 | AQ40: Ford | AR40: Ranger | AS40: 2013 | AT40: 2556 | AU40: 12 | AV40: 3.2 | AX40: =AQ40&" "&AR40&"_"&AT40 -> Ford Ranger_2556 | AY40: =AV40*1000 -> 3200 | BA40: Ford | BB40: Everest | BC40: 2011 | BD40: 2554 | BE40: 14 | BF40: 3 | BG40: 260000 | BH40: 230000 | BI40: 330000 | BK40: =BA40&" "&BB40&"_"&BD40&"_"&BF40*1000 -> Ford Everest_2554_3000 | BL40: =BG40 -> 260000 | BM40: =BH40 -> 230000 | BN40: =BI40 -> 330000
K41: Honda CR-V | L41: 2565 | O41: Ford Ranger_2557 | P41: 2500 | S41: Ford Everest_2554_3000 | T41: 280000 | U41: 230000 | V41: 330000 | W41: เพชรบุรี | X41: UPC | AG41: Honda | AH41: CR-V | AI41: 2021 | AJ41: 2564 | AK41: 4 | AM41: =AG41&" "&AH41 -> Honda CR-V | AN41: =AJ41 -> 2564 | AQ41: Ford | AR41: Ranger | AS41: 2014 | AT41: 2557 | AU41: 11 | AV41: 2.2 | AX41: =AQ41&" "&AR41&"_"&AT41 -> Ford Ranger_2557 | AY41: =AV41*1000 -> 2200 | BA41: Ford | BB41: Everest | BC41: 2011 | BD41: 2554 | BE41: 14 | BF41: 3 | BG41: 270000 | BH41: 230000 | BI41: 330000 | BK41: =BA41&" "&BB41&"_"&BD41&"_"&BF41*1000 -> Ford Everest_2554_3000 | BL41: =BG41 -> 270000 | BM41: =BH41 -> 230000 | BN41: =BI41 -> 330000
K42: Honda CR-V | L42: 2566 | O42: Ford Ranger_2557 | P42: 3200 | S42: Ford Everest_2554_3000 | T42: 290000 | U42: 230000 | V42: 330000 | W42: เพชรบูรณ์ | X42: UPC | AG42: Honda | AH42: CR-V | AI42: 2022 | AJ42: 2565 | AK42: 3 | AM42: =AG42&" "&AH42 -> Honda CR-V | AN42: =AJ42 -> 2565 | AQ42: Ford | AR42: Ranger | AS42: 2014 | AT42: 2557 | AU42: 11 | AV42: 2.5 | AX42: =AQ42&" "&AR42&"_"&AT42 -> Ford Ranger_2557 | AY42: =AV42*1000 -> 2500 | BA42: Ford | BB42: Everest | BC42: 2011 | BD42: 2554 | BE42: 14 | BF42: 3 | BG42: 280000 | BH42: 230000 | BI42: 330000 | BK42: =BA42&" "&BB42&"_"&BD42&"_"&BF42*1000 -> Ford Everest_2554_3000 | BL42: =BG42 -> 280000 | BM42: =BH42 -> 230000 | BN42: =BI42 -> 330000
K43: Isuzu D-Max | L43: 2553 | O43: Ford Ranger_2558 | P43: 2200 | S43: Ford Everest_2554_3000 | T43: 300000 | U43: 230000 | V43: 330000 | W43: แพร่ | X43: UPC | AG43: Honda | AH43: CR-V | AI43: 2023 | AJ43: 2566 | AK43: 2 | AM43: =AG43&" "&AH43 -> Honda CR-V | AN43: =AJ43 -> 2566 | AQ43: Ford | AR43: Ranger | AS43: 2014 | AT43: 2557 | AU43: 11 | AV43: 3.2 | AX43: =AQ43&" "&AR43&"_"&AT43 -> Ford Ranger_2557 | AY43: =AV43*1000 -> 3200 | BA43: Ford | BB43: Everest | BC43: 2011 | BD43: 2554 | BE43: 14 | BF43: 3 | BG43: 290000 | BH43: 230000 | BI43: 330000 | BK43: =BA43&" "&BB43&"_"&BD43&"_"&BF43*1000 -> Ford Everest_2554_3000 | BL43: =BG43 -> 290000 | BM43: =BH43 -> 230000 | BN43: =BI43 -> 330000
K44: Isuzu D-Max | L44: 2554 | O44: Ford Ranger_2558 | P44: 2500 | S44: Ford Everest_2554_3000 | T44: 310000 | U44: 230000 | V44: 330000 | W44: ภูเก็ต | X44: UPC | AG44: Isuzu | AH44: D-Max | AI44: 2010 | AJ44: 2553 | AK44: 15 | AM44: =AG44&" "&AH44 -> Isuzu D-Max | AN44: =AJ44 -> 2553 | AQ44: Ford | AR44: Ranger | AS44: 2015 | AT44: 2558 | AU44: 10 | AV44: 2.2 | AX44: =AQ44&" "&AR44&"_"&AT44 -> Ford Ranger_2558 | AY44: =AV44*1000 -> 2200 | BA44: Ford | BB44: Everest | BC44: 2011 | BD44: 2554 | BE44: 14 | BF44: 3 | BG44: 300000 | BH44: 230000 | BI44: 330000 | BK44: =BA44&" "&BB44&"_"&BD44&"_"&BF44*1000 -> Ford Everest_2554_3000 | BL44: =BG44 -> 300000 | BM44: =BH44 -> 230000 | BN44: =BI44 -> 330000
... K66: Isuzu MU-X | L66: 2561 | O66: Honda CR-V_2554 | P66: 2000 | S66: Ford Everest_2555_3000 | T66: 310000 | U66: 250000 | V66: 340000 | W66: สระบุรี | X66: UPC | AG66: Isuzu | AH66: MU-X | AI66: 2017 | AJ66: 2560 | AK66: 8 | AM66: =AG66&" "&AH66 -> Isuzu MU-X | AN66: =AJ66 -> 2560 | AQ66: Honda | AR66: CR-V | AS66: 2010 | AT66: 2553 | AU66: 15 | AV66: 2.4 | AX66: =AQ66&" "&AR66&"_"&AT66 -> Honda CR-V_2553 | AY66: =AV66*1000 -> 2400 | BA66: Ford | BB66: Everest | BC66: 2012 | BD66: 2555 | BE66: 13 | BF66: 3 | BG66: 300000 | BH66: 250000 | BI66: 340000 | BK66: =BA66&" "&BB66&"_"&BD66&"_"&BF66*1000 -> Ford Everest_2555_3000 | BL66: =BG66 -> 300000 | BM66: =BH66 -> 250000 | BN66: =BI66 -> 340000
K67: Isuzu MU-X | L67: 2562 | O67: Honda CR-V_2554 | P67: 2400 | S67: Ford Everest_2555_3000 | T67: 320000 | U67: 250000 | V67: 340000 | AG67: Isuzu | AH67: MU-X | AI67: 2018 | AJ67: 2561 | AK67: 7 | AM67: =AG67&" "&AH67 -> Isuzu MU-X | AN67: =AJ67 -> 2561 | AQ67: Honda | AR67: CR-V | AS67: 2011 | AT67: 2554 | AU67: 14 | AV67: 2 | AX67: =AQ67&" "&AR67&"_"&AT67 -> Honda CR-V_2554 | AY67: =AV67*1000 -> 2000 | BA67: Ford | BB67: Everest | BC67: 2012 | BD67: 2555 | BE67: 13 | BF67: 3 | BG67: 310000 | BH67: 250000 | BI67: 340000 | BK67: =BA67&" "&BB67&"_"&BD67&"_"&BF67*1000 -> Ford Everest_2555_3000 | BL67: =BG67 -> 310000 | BM67: =BH67 -> 250000 | BN67: =BI67 -> 340000
K68: Isuzu MU-X | L68: 2563 | O68: Honda CR-V_2555 | P68: 2000 | S68: Ford Everest_2555_3000 | T68: 330000 | U68: 250000 | V68: 340000 | AG68: Isuzu | AH68: MU-X | AI68: 2019 | AJ68: 2562 | AK68: 6 | AM68: =AG68&" "&AH68 -> Isuzu MU-X | AN68: =AJ68 -> 2562 | AQ68: Honda | AR68: CR-V | AS68: 2011 | AT68: 2554 | AU68: 14 | AV68: 2.4 | AX68: =AQ68&" "&AR68&"_"&AT68 -> Honda CR-V_2554 | AY68: =AV68*1000 -> 2400 | BA68: Ford | BB68: Everest | BC68: 2012 | BD68: 2555 | BE68: 13 | BF68: 3 | BG68: 320000 | BH68: 250000 | BI68: 340000 | BK68: =BA68&" "&BB68&"_"&BD68&"_"&BF68*1000 -> Ford Everest_2555_3000 | BL68: =BG68 -> 320000 | BM68: =BH68 -> 250000 | BN68: =BI68 -> 340000
K69: Isuzu MU-X | L69: 2564 | O69: Honda CR-V_2555 | P69: 2400 | S69: Ford Everest_2555_3000 | T69: 340000 | U69: 250000 | V69: 340000 | W69: สิงห์บุรี | X69: UPC | AG69: Isuzu | AH69: MU-X | AI69: 2020 | AJ69: 2563 | AK69: 5 | AM69: =AG69&" "&AH69 -> Isuzu MU-X | AN69: =AJ69 -> 2563 | AQ69: Honda | AR69: CR-V | AS69: 2012 | AT69: 2555 | AU69: 13 | AV69: 2 | AX69: =AQ69&" "&AR69&"_"&AT69 -> Honda CR-V_2555 | AY69: =AV69*1000 -> 2000 | BA69: Ford | BB69: Everest | BC69: 2012 | BD69: 2555 | BE69: 13 | BF69: 3 | BG69: 330000 | BH69: 250000 | BI69: 340000 | BK69: =BA69&" "&BB69&"_"&BD69&"_"&BF69*1000 -> Ford Everest_2555_3000 | BL69: =BG69 -> 330000 | BM69: =BH69 -> 250000 | BN69: =BI69 -> 340000
K70: Isuzu MU-X | L70: 2565 | O70: Honda CR-V_2556 | P70: 2000 | S70: Ford Everest_2556_2500 | T70: 250000 | U70: 250000 | V70: 340000 | W70: สุโขทัย | X70: UPC | AG70: Isuzu | AH70: MU-X | AI70: 2021 | AJ70: 2564 | AK70: 4 | AM70: =AG70&" "&AH70 -> Isuzu MU-X | AN70: =AJ70 -> 2564 | AQ70: Honda | AR70: CR-V | AS70: 2012 | AT70: 2555 | AU70: 13 | AV70: 2.4 | AX70: =AQ70&" "&AR70&"_"&AT70 -> Honda CR-V_2555 | AY70: =AV70*1000 -> 2400 | BA70: Ford | BB70: Everest | BC70: 2012 | BD70: 2555 | BE70: 13 | BF70: 3 | BG70: 340000 | BH70: 250000 | BI70: 340000 | BK70: =BA70&" "&BB70&"_"&BD70&"_"&BF70*1000 -> Ford Everest_2555_3000 | BL70: =BG70 -> 340000 | BM70: =BH70 -> 250000 | BN70: =BI70 -> 340000
K71: Isuzu MU-X | L71: 2566 | O71: Honda CR-V_2556 | P71: 2400 | S71: Ford Everest_2556_2500 | T71: 260000 | U71: 250000 | V71: 340000 | W71: สุพรรณบุรี | X71: UPC | AG71: Isuzu | AH71: MU-X | AI71: 2022 | AJ71: 2565 | AK71: 3 | AM71: =AG71&" "&AH71 -> Isuzu MU-X | AN71: =AJ71 -> 2565 | AQ71: Honda | AR71: CR-V | AS71: 2013 | AT71: 2556 | AU71: 12 | AV71: 2 | AX71: =AQ71&" "&AR71&"_"&AT71 -> Honda CR-V_2556 | AY71: =AV71*1000 -> 2000 | BA71: Ford | BB71: Everest | BC71: 2013 | BD71: 2556 | BE71: 12 | BF71: 2.5 | BG71: 250000 | BH71: 250000 | BI71: 340000 | BK71: =BA71&" "&BB71&"_"&BD71&"_"&BF71*1000 -> Ford Everest_2556_2500 | BL71: =BG71 -> 250000 | BM71: =BH71 -> 250000 | BN71: =BI71 -> 340000
K72: Mazda BT-50 | L72: 2553 | O72: Honda CR-V_2557 | P72: 2000 | S72: Ford Everest_2556_2500 | T72: 270000 | U72: 250000 | V72: 340000 | W72: สุราษฎร์ธานี | X72: UPC | AG72: Isuzu | AH72: MU-X | AI72: 2023 | AJ72: 2566 | AK72: 2 | AM72: =AG72&" "&AH72 -> Isuzu MU-X | AN72: =AJ72 -> 2566 | AQ72: Honda | AR72: CR-V | AS72: 2013 | AT72: 2556 | AU72: 12 | AV72: 2.4 | AX72: =AQ72&" "&AR72&"_"&AT72 -> Honda CR-V_2556 | AY72: =AV72*1000 -> 2400 | BA72: Ford | BB72: Everest | BC72: 2013 | BD72: 2556 | BE72: 12 | BF72: 2.5 | BG72: 260000 | BH72: 250000 | BI72: 340000 | BK72: =BA72&" "&BB72&"_"&BD72&"_"&BF72*1000 -> Ford Everest_2556_2500 | BL72: =BG72 -> 260000 | BM72: =BH72 -> 250000 | BN72: =BI72 -> 340000
K73: Mazda BT-50 | L73: 2554 | O73: Honda CR-V_2557 | P73: 2400 | S73: Ford Everest_2556_2500 | T73: 280000 | U73: 250000 | V73: 340000 | W73: สุรินทร์ | X73: UPC | AG73: Mazda | AH73: BT-50 | AI73: 2010 | AJ73: 2553 | AK73: 15 | AM73: =AG73&" "&AH73 -> Mazda BT-50 | AN73: =AJ73 -> 2553 | AQ73: Honda | AR73: CR-V | AS73: 2014 | AT73: 2557 | AU73: 11 | AV73: 2 | AX73: =AQ73&" "&AR73&"_"&AT73 -> Honda CR-V_2557 | AY73: =AV73*1000 -> 2000 | BA73: Ford | BB73: Everest | BC73: 2013 | BD73: 2556 | BE73: 12 | BF73: 2.5 | BG73: 270000 | BH73: 250000 | BI73: 340000 | BK73: =BA73&" "&BB73&"_"&BD73&"_"&BF73*1000 -> Ford Everest_2556_2500 | BL73: =BG73 -> 270000 | BM73: =BH73 -> 250000 | BN73: =BI73 -> 340000
K74: Mazda BT-50 | L74: 2555 | O74: Honda CR-V_2558 | P74: 2000 | S74: Ford Everest_2556_2500 | T74: 290000 | U74: 250000 | V74: 340000 | W74: หนองคาย | X74: UPC | AG74: Mazda | AH74: BT-50 | AI74: 2011 | AJ74: 2554 | AK74: 14 | AM74: =AG74&" "&AH74 -> Mazda BT-50 | AN74: =AJ74 -> 2554 | AQ74: Honda | AR74: CR-V | AS74: 2014 | AT74: 2557 | AU74: 11 | AV74: 2.4 | AX74: =AQ74&" "&AR74&"_"&AT74 -> Honda CR-V_2557 | AY74: =AV74*1000 -> 2400 | BA74: Ford | BB74: Everest | BC74: 2013 | BD74: 2556 | BE74: 12 | BF74: 2.5 | BG74: 280000 | BH74: 250000 | BI74: 340000 | BK74: =BA74&" "&BB74&"_"&BD74&"_"&BF74*1000 -> Ford Everest_2556_2500 | BL74: =BG74 -> 280000 | BM74: =BH74 -> 250000 | BN74: =BI74 -> 340000
K75: Mazda BT-50 | L75: 2564 | O75: Honda CR-V_2558 | P75: 2400 | S75: Ford Everest_2556_2500 | T75: 300000 | U75: 250000 | V75: 340000 | W75: หนองบัวลำภู | X75: UPC | AG75: Mazda | AH75: BT-50 | AI75: 2012 | AJ75: 2555 | AK75: 13 | AM75: =AG75&" "&AH75 -> Mazda BT-50 | AN75: =AJ75 -> 2555 | AQ75: Honda | AR75: CR-V | AS75: 2015 | AT75: 2558 | AU75: 10 | AV75: 2 | AX75: =AQ75&" "&AR75&"_"&AT75 -> Honda CR-V_2558 | AY75: =AV75*1000 -> 2000 | BA75: Ford | BB75: Everest | BC75: 2013 | BD75: 2556 | BE75: 12 | BF75: 2.5 | BG75: 290000 | BH75: 250000 | BI75: 340000 | BK75: =BA75&" "&BB75&"_"&BD75&"_"&BF75*1000 -> Ford Everest_2556_2500 | BL75: =BG75 -> 290000 | BM75: =BH75 -> 250000 | BN75: =BI75 -> 340000
K76: Mazda BT-50 | L76: 2565 | O76: Honda CR-V_2559 | P76: 2000 | S76: Ford Everest_2556_2500 | T76: 310000 | U76: 250000 | V76: 340000 | W76: อ่างทอง | X76: UPC | AG76: Mazda | AH76: BT-50 | AI76: 2021 | AJ76: 2564 | AK76: 4 | AM76: =AG76&" "&AH76 -> Mazda BT-50 | AN76: =AJ76 -> 2564 | AQ76: Honda | AR76: CR-V | AS76: 2015 | AT76: 2558 | AU76: 10 | AV76: 2.4 | AX76: =AQ76&" "&AR76&"_"&AT76 -> Honda CR-V_2558 | AY76: =AV76*1000 -> 2400 | BA76: Ford | BB76: Everest | BC76: 2013 | BD76: 2556 | BE76: 12 | BF76: 2.5 | BG76: 300000 | BH76: 250000 | BI76: 340000 | BK76: =BA76&" "&BB76&"_"&BD76&"_"&BF76*1000 -> Ford Everest_2556_2500 | BL76: =BG76 -> 300000 | BM76: =BH76 -> 250000 | BN76: =BI76 -> 340000
K77: Mazda BT-50 | L77: 2566 | O77: Honda CR-V_2559 | P77: 2400 | S77: Ford Everest_2556_2500 | T77: 320000 | U77: 250000 | V77: 340000 | W77: อำนาจเจริญ | X77: UPC | AG77: Mazda | AH77: BT-50 | AI77: 2022 | AJ77: 2565 | AK77: 3 | AM77: =AG77&" "&AH77 -> Mazda BT-50 | AN77: =AJ77 -> 2565 | AQ77: Honda | AR77: CR-V | AS77: 2016 | AT77: 2559 | AU77: 9 | AV77: 2 | AX77: =AQ77&" "&AR77&"_"&AT77 -> Honda CR-V_2559 | AY77: =AV77*1000 -> 2000 | BA77: Ford | BB77: Everest | BC77: 2013 | BD77: 2556 | BE77: 12 | BF77: 2.5 | BG77: 310000 | BH77: 250000 | BI77: 340000 | BK77: =BA77&" "&BB77&"_"&BD77&"_"&BF77*1000 -> Ford Everest_2556_2500 | BL77: =BG77 -> 310000 | BM77: =BH77 -> 250000 | BN77: =BI77 -> 340000
K78: Mazda BT-50 PRO | L78: 2555 | O78: Honda CR-V_2560 | P78: 1600 | S78: Ford Everest_2556_2500 | T78: 330000 | U78: 250000 | V78: 340000 | W78: อุดรธานี | X78: UPC | AG78: Mazda | AH78: BT-50 | AI78: 2023 | AJ78: 2566 | AK78: 2 | AM78: =AG78&" "&AH78 -> Mazda BT-50 | AN78: =AJ78 -> 2566 | AQ78: Honda | AR78: CR-V | AS78: 2016 | AT78: 2559 | AU78: 9 | AV78: 2.4 | AX78: =AQ78&" "&AR78&"_"&AT78 -> Honda CR-V_2559 | AY78: =AV78*1000 -> 2400 | BA78: Ford | BB78: Everest | BC78: 2013 | BD78: 2556 | BE78: 12 | BF78: 2.5 | BG78: 320000 | BH78: 250000 | BI78: 340000 | BK78: =BA78&" "&BB78&"_"&BD78&"_"&BF78*1000 -> Ford Everest_2556_2500 | BL78: =BG78 -> 320000 | BM78: =BH78 -> 250000 | BN78: =BI78 -> 340000
K79: Mazda BT-50 PRO | L79: 2556 | O79: Honda CR-V_2560 | P79: 2000 | S79: Ford Everest_2556_2500 | T79: 340000 | U79: 250000 | V79: 340000 | W79: อุตรดิตถ์ | X79: UPC | AG79: Mazda | AH79: BT-50 PRO | AI79: 2012 | AJ79: 2555 | AK79: 13 | AM79: =AG79&" "&AH79 -> Mazda BT-50 PRO | AN79: =AJ79 -> 2555 | AQ79: Honda | AR79: CR-V | AS79: 2017 | AT79: 2560 | AU79: 8 | AV79: 1.6 | AX79: =AQ79&" "&AR79&"_"&AT79 -> Honda CR-V_2560 | AY79: =AV79*1000 -> 1600 | BA79: Ford | BB79: Everest | BC79: 2013 | BD79: 2556 | BE79: 12 | BF79: 2.5 | BG79: 330000 | BH79: 250000 | BI79: 340000 | BK79: =BA79&" "&BB79&"_"&BD79&"_"&BF79*1000 -> Ford Everest_2556_2500 | BL79: =BG79 -> 330000 | BM79: =BH79 -> 250000 | BN79: =BI79 -> 340000
K80: Mazda BT-50 PRO | L80: 2557 | O80: Honda CR-V_2560 | P80: 2400 | S80: Ford Everest_2556_3000 | T80: 280000 | U80: 280000 | V80: 370000 | W80: อุทัยธานี | X80: UPC | AG80: Mazda | AH80: BT-50 PRO | AI80: 2013 | AJ80: 2556 | AK80: 12 | AM80: =AG80&" "&AH80 -> Mazda BT-50 PRO | AN80: =AJ80 -> 2556 | AQ80: Honda | AR80: CR-V | AS80: 2017 | AT80: 2560 | AU80: 8 | AV80: 2 | AX80: =AQ80&" "&AR80&"_"&AT80 -> Honda CR-V_2560 | AY80: =AV80*1000 -> 2000 | BA80: Ford | BB80: Everest | BC80: 2013 | BD80: 2556 | BE80: 12 | BF80: 2.5 | BG80: 340000 | BH80: 250000 | BI80: 340000 | BK80: =BA80&" "&BB80&"_"&BD80&"_"&BF80*1000 -> Ford Everest_2556_2500 | BL80: =BG80 -> 340000 | BM80: =BH80 -> 250000 | BN80: =BI80 -> 340000
K81: Mazda BT-50 PRO | L81: 2558 | O81: Honda CR-V_2561 | P81: 1600 | S81: Ford Everest_2556_3000 | T81: 290000 | U81: 280000 | V81: 370000 | W81: อุบลราชธานี | X81: UPC | AG81: Mazda | AH81: BT-50 PRO | AI81: 2014 | AJ81: 2557 | AK81: 11 | AM81: =AG81&" "&AH81 -> Mazda BT-50 PRO | AN81: =AJ81 -> 2557 | AQ81: Honda | AR81: CR-V | AS81: 2017 | AT81: 2560 | AU81: 8 | AV81: 2.4 | AX81: =AQ81&" "&AR81&"_"&AT81 -> Honda CR-V_2560 | AY81: =AV81*1000 -> 2400 | BA81: Ford | BB81: Everest | BC81: 2013 | BD81: 2556 | BE81: 12 | BF81: 3 | BG81: 280000 | BH81: 280000 | BI81: 370000 | BK81: =BA81&" "&BB81&"_"&BD81&"_"&BF81*1000 -> Ford Everest_2556_3000 | BL81: =BG81 -> 280000 | BM81: =BH81 -> 280000 | BN81: =BI81 -> 370000
K82: Mazda BT-50 PRO | L82: 2559 | O82: Honda CR-V_2561 | P82: 2400 | S82: Ford Everest_2556_3000 | T82: 300000 | U82: 280000 | V82: 370000 | AG82: Mazda | AH82: BT-50 PRO | AI82: 2015 | AJ82: 2558 | AK82: 10 | AM82: =AG82&" "&AH82 -> Mazda BT-50 PRO | AN82: =AJ82 -> 2558 | AQ82: Honda | AR82: CR-V | AS82: 2018 | AT82: 2561 | AU82: 7 | AV82: 1.6 | AX82: =AQ82&" "&AR82&"_"&AT82 -> Honda CR-V_2561 | AY82: =AV82*1000 -> 1600 | BA82: Ford | BB82: Everest | BC82: 2013 | BD82: 2556 | BE82: 12 | BF82: 3 | BG82: 290000 | BH82: 280000 | BI82: 370000 | BK82: =BA82&" "&BB82&"_"&BD82&"_"&BF82*1000 -> Ford Everest_2556_3000 | BL82: =BG82 -> 290000 | BM82: =BH82 -> 280000 | BN82: =BI82 -> 370000
K83: Mazda BT-50 PRO | L83: 2560 | O83: Honda CR-V_2562 | P83: 1600 | S83: Ford Everest_2556_3000 | T83: 310000 | U83: 280000 | V83: 370000 | AG83: Mazda | AH83: BT-50 PRO | AI83: 2016 | AJ83: 2559 | AK83: 9 | AM83: =AG83&" "&AH83 -> Mazda BT-50 PRO | AN83: =AJ83 -> 2559 | AQ83: Honda | AR83: CR-V | AS83: 2018 | AT83: 2561 | AU83: 7 | AV83: 2.4 | AX83: =AQ83&" "&AR83&"_"&AT83 -> Honda CR-V_2561 | AY83: =AV83*1000 -> 2400 | BA83: Ford | BB83: Everest | BC83: 2013 | BD83: 2556 | BE83: 12 | BF83: 3 | BG83: 300000 | BH83: 280000 | BI83: 370000 | BK83: =BA83&" "&BB83&"_"&BD83&"_"&BF83*1000 -> Ford Everest_2556_3000 | BL83: =BG83 -> 300000 | BM83: =BH83 -> 280000 | BN83: =BI83 -> 370000
K84: Mazda BT-50 PRO | L84: 2561 | O84: Honda CR-V_2562 | P84: 2400 | S84: Ford Everest_2556_3000 | T84: 320000 | U84: 280000 | V84: 370000 | AG84: Mazda | AH84: BT-50 PRO | AI84: 2017 | AJ84: 2560 | AK84: 8 | AM84: =AG84&" "&AH84 -> Mazda BT-50 PRO | AN84: =AJ84 -> 2560 | AQ84: Honda | AR84: CR-V | AS84: 2019 | AT84: 2562 | AU84: 6 | AV84: 1.6 | AX84: =AQ84&" "&AR84&"_"&AT84 -> Honda CR-V_2562 | AY84: =AV84*1000 -> 1600 | BA84: Ford | BB84: Everest | BC84: 2013 | BD84: 2556 | BE84: 12 | BF84: 3 | BG84: 310000 | BH84: 280000 | BI84: 370000 | BK84: =BA84&" "&BB84&"_"&BD84&"_"&BF84*1000 -> Ford Everest_2556_3000 | BL84: =BG84 -> 310000 | BM84: =BH84 -> 280000 | BN84: =BI84 -> 370000
K85: Mazda BT-50 PRO | L85: 2562 | O85: Honda CR-V_2563 | P85: 1600 | S85: Ford Everest_2556_3000 | T85: 330000 | U85: 280000 | V85: 370000 | AG85: Mazda | AH85: BT-50 PRO | AI85: 2018 | AJ85: 2561 | AK85: 7 | AM85: =AG85&" "&AH85 -> Mazda BT-50 PRO | AN85: =AJ85 -> 2561 | AQ85: Honda | AR85: CR-V | AS85: 2019 | AT85: 2562 | AU85: 6 | AV85: 2.4 | AX85: =AQ85&" "&AR85&"_"&AT85 -> Honda CR-V_2562 | AY85: =AV85*1000 -> 2400 | BA85: Ford | BB85: Everest | BC85: 2013 | BD85: 2556 | BE85: 12 | BF85: 3 | BG85: 320000 | BH85: 280000 | BI85: 370000 | BK85: =BA85&" "&BB85&"_"&BD85&"_"&BF85*1000 -> Ford Everest_2556_3000 | BL85: =BG85 -> 320000 | BM85: =BH85 -> 280000 | BN85: =BI85 -> 370000
K86: Mazda BT-50 PRO | L86: 2563 | O86: Honda CR-V_2563 | P86: 2400 | S86: Ford Everest_2556_3000 | T86: 340000 | U86: 280000 | V86: 370000 | AG86: Mazda | AH86: BT-50 PRO | AI86: 2019 | AJ86: 2562 | AK86: 6 | AM86: =AG86&" "&AH86 -> Mazda BT-50 PRO | AN86: =AJ86 -> 2562 | AQ86: Honda | AR86: CR-V | AS86: 2020 | AT86: 2563 | AU86: 5 | AV86: 1.6 | AX86: =AQ86&" "&AR86&"_"&AT86 -> Honda CR-V_2563 | AY86: =AV86*1000 -> 1600 | BA86: Ford | BB86: Everest | BC86: 2013 | BD86: 2556 | BE86: 12 | BF86: 3 | BG86: 330000 | BH86: 280000 | BI86: 370000 | BK86: =BA86&" "&BB86&"_"&BD86&"_"&BF86*1000 -> Ford Everest_2556_3000 | BL86: =BG86 -> 330000 | BM86: =BH86 -> 280000 | BN86: =BI86 -> 370000
K87: Mitsubishi Pajero Sport | L87: 2553 | O87: Honda CR-V_2564 | P87: 1600 | S87: Ford Everest_2556_3000 | T87: 350000 | U87: 280000 | V87: 370000 | AG87: Mazda | AH87: BT-50 PRO | AI87: 2020 | AJ87: 2563 | AK87: 5 | AM87: =AG87&" "&AH87 -> Mazda BT-50 PRO | AN87: =AJ87 -> 2563 | AQ87: Honda | AR87: CR-V | AS87: 2020 | AT87: 2563 | AU87: 5 | AV87: 2.4 | AX87: =AQ87&" "&AR87&"_"&AT87 -> Honda CR-V_2563 | AY87: =AV87*1000 -> 2400 | BA87: Ford | BB87: Everest | BC87: 2013 | BD87: 2556 | BE87: 12 | BF87: 3 | BG87: 340000 | BH87: 280000 | BI87: 370000 | BK87: =BA87&" "&BB87&"_"&BD87&"_"&BF87*1000 -> Ford Everest_2556_3000 | BL87: =BG87 -> 340000 | BM87: =BH87 -> 280000 | BN87: =BI87 -> 370000
K88: Mitsubishi Pajero Sport | L88: 2554 | O88: Honda CR-V_2564 | P88: 2400 | S88: Ford Everest_2556_3000 | T88: 360000 | U88: 280000 | V88: 370000 | AG88: Mitsubishi | AH88: Pajero Sport | AI88: 2010 | AJ88: 2553 | AK88: 15 | AM88: =AG88&" "&AH88 -> Mitsubishi Pajero Sport | AN88: =AJ88 -> 2553 | AQ88: Honda | AR88: CR-V | AS88: 2021 | AT88: 2564 | AU88: 4 | AV88: 1.6 | AX88: =AQ88&" "&AR88&"_"&AT88 -> Honda CR-V_2564 | AY88: =AV88*1000 -> 1600 | BA88: Ford | BB88: Everest | BC88: 2013 | BD88: 2556 | BE88: 12 | BF88: 3 | BG88: 350000 | BH88: 280000 | BI88: 370000 | BK88: =BA88&" "&BB88&"_"&BD88&"_"&BF88*1000 -> Ford Everest_2556_3000 | BL88: =BG88 -> 350000 | BM88: =BH88 -> 280000 | BN88: =BI88 -> 370000
K89: Mitsubishi Pajero Sport | L89: 2555 | O89: Honda CR-V_2565 | P89: 1600 | S89: Ford Everest_2556_3000 | T89: 370000 | U89: 280000 | V89: 370000 | AG89: Mitsubishi | AH89: Pajero Sport | AI89: 2011 | AJ89: 2554 | AK89: 14 | AM89: =AG89&" "&AH89 -> Mitsubishi Pajero Sport | AN89: =AJ89 -> 2554 | AQ89: Honda | AR89: CR-V | AS89: 2021 | AT89: 2564 | AU89: 4 | AV89: 2.4 | AX89: =AQ89&" "&AR89&"_"&AT89 -> Honda CR-V_2564 | AY89: =AV89*1000 -> 2400 | BA89: Ford | BB89: Everest | BC89: 2013 | BD89: 2556 | BE89: 12 | BF89: 3 | BG89: 360000 | BH89: 280000 | BI89: 370000 | BK89: =BA89&" "&BB89&"_"&BD89&"_"&BF89*1000 -> Ford Everest_2556_3000 | BL89: =BG89 -> 360000 | BM89: =BH89 -> 280000 | BN89: =BI89 -> 370000
K90: Mitsubishi Pajero Sport | L90: 2556 | O90: Honda CR-V_2565 | P90: 2400 | S90: Ford Everest_2557_2500 | T90: 290000 | U90: 290000 | V90: 380000 | AG90: Mitsubishi | AH90: Pajero Sport | AI90: 2012 | AJ90: 2555 | AK90: 13 | AM90: =AG90&" "&AH90 -> Mitsubishi Pajero Sport | AN90: =AJ90 -> 2555 | AQ90: Honda | AR90: CR-V | AS90: 2022 | AT90: 2565 | AU90: 3 | AV90: 1.6 | AX90: =AQ90&" "&AR90&"_"&AT90 -> Honda CR-V_2565 | AY90: =AV90*1000 -> 1600 | BA90: Ford | BB90: Everest | BC90: 2013 | BD90: 2556 | BE90: 12 | BF90: 3 | BG90: 370000 | BH90: 280000 | BI90: 370000 | BK90: =BA90&" "&BB90&"_"&BD90&"_"&BF90*1000 -> Ford Everest_2556_3000 | BL90: =BG90 -> 370000 | BM90: =BH90 -> 280000 | BN90: =BI90 -> 370000
K91: Mitsubishi Pajero Sport | L91: 2557 | O91: Honda CR-V_2566 | P91: 1500 | S91: Ford Everest_2557_2500 | T91: 300000 | U91: 290000 | V91: 380000 | AG91: Mitsubishi | AH91: Pajero Sport | AI91: 2013 | AJ91: 2556 | AK91: 12 | AM91: =AG91&" "&AH91 -> Mitsubishi Pajero Sport | AN91: =AJ91 -> 2556 | AQ91: Honda | AR91: CR-V | AS91: 2022 | AT91: 2565 | AU91: 3 | AV91: 2.4 | AX91: =AQ91&" "&AR91&"_"&AT91 -> Honda CR-V_2565 | AY91: =AV91*1000 -> 2400 | BA91: Ford | BB91: Everest | BC91: 2014 | BD91: 2557 | BE91: 11 | BF91: 2.5 | BG91: 290000 | BH91: 290000 | BI91: 380000 | BK91: =BA91&" "&BB91&"_"&BD91&"_"&BF91*1000 -> Ford Everest_2557_2500 | BL91: =BG91 -> 290000 | BM91: =BH91 -> 290000 | BN91: =BI91 -> 380000
K92: Mitsubishi Pajero Sport | L92: 2558 | O92: Honda CR-V_2566 | P92: 2000 | S92: Ford Everest_2557_2500 | T92: 310000 | U92: 290000 | V92: 380000 | AG92: Mitsubishi | AH92: Pajero Sport | AI92: 2014 | AJ92: 2557 | AK92: 11 | AM92: =AG92&" "&AH92 -> Mitsubishi Pajero Sport | AN92: =AJ92 -> 2557 | AQ92: Honda | AR92: CR-V | AS92: 2023 | AT92: 2566 | AU92: 2 | AV92: 1.5 | AX92: =AQ92&" "&AR92&"_"&AT92 -> Honda CR-V_2566 | AY92: =AV92*1000 -> 1500 | BA92: Ford | BB92: Everest | BC92: 2014 | BD92: 2557 | BE92: 11 | BF92: 2.5 | BG92: 300000 | BH92: 290000 | BI92: 380000 | BK92: =BA92&" "&BB92&"_"&BD92&"_"&BF92*1000 -> Ford Everest_2557_2500 | BL92: =BG92 -> 300000 | BM92: =BH92 -> 290000 | BN92: =BI92 -> 380000
K93: Mitsubishi Pajero Sport | L93: 2559 | O93: Honda CR-V_2566 | P93: 2400 | S93: Ford Everest_2557_2500 | T93: 320000 | U93: 290000 | V93: 380000 | AG93: Mitsubishi | AH93: Pajero Sport | AI93: 2015 | AJ93: 2558 | AK93: 10 | AM93: =AG93&" "&AH93 -> Mitsubishi Pajero Sport | AN93: =AJ93 -> 2558 | AQ93: Honda | AR93: CR-V | AS93: 2023 | AT93: 2566 | AU93: 2 | AV93: 2 | AX93: =AQ93&" "&AR93&"_"&AT93 -> Honda CR-V_2566 | AY93: =AV93*1000 -> 2000 | BA93: Ford | BB93: Everest | BC93: 2014 | BD93: 2557 | BE93: 11 | BF93: 2.5 | BG93: 310000 | BH93: 290000 | BI93: 380000 | BK93: =BA93&" "&BB93&"_"&BD93&"_"&BF93*1000 -> Ford Everest_2557_2500 | BL93: =BG93 -> 310000 | BM93: =BH93 -> 290000 | BN93: =BI93 -> 380000
... K169: Toyota Hilux Vigo | L169: 2558 | O169: Mazda BT-50 PRO_2558 | P169: 2200 | S169: Ford Everest_2559_2200 | T169: 470000 | U169: 440000 | V169: 690000 | AG169: Toyota | AH169: Hilux Vigo | AI169: 2014 | AJ169: 2557 | AK169: 11 | AM169: =AG169&" "&AH169 -> Toyota Hilux Vigo | AN169: =AJ169 -> 2557 | AQ169: Mazda | AR169: BT-50 PRO | AS169: 2014 | AT169: 2557 | AU169: 11 | AV169: 3.2 | AX169: =AQ169&" "&AR169&"_"&AT169 -> Mazda BT-50 PRO_2557 | AY169: =AV169*1000 -> 3200 | BA169: Ford | BB169: Everest | BC169: 2016 | BD169: 2559 | BE169: 9 | BF169: 2.2 | BG169: 460000 | BH169: 440000 | BI169: 690000 | BK169: =BA169&" "&BB169&"_"&BD169&"_"&BF169*1000 -> Ford Everest_2559_2200 | BL169: =BG169 -> 460000 | BM169: =BH169 -> 440000 | BN169: =BI169 -> 690000
O170: Mazda BT-50 PRO_2558 | P170: 2500 | S170: Ford Everest_2559_2200 | T170: 480000 | U170: 440000 | V170: 690000 | AG170: Toyota | AH170: Hilux Vigo | AI170: 2015 | AJ170: 2558 | AK170: 10 | AM170: =AG170&" "&AH170 -> Toyota Hilux Vigo | AN170: =AJ170 -> 2558 | AQ170: Mazda | AR170: BT-50 PRO | AS170: 2015 | AT170: 2558 | AU170: 10 | AV170: 2.2 | AX170: =AQ170&" "&AR170&"_"&AT170 -> Mazda BT-50 PRO_2558 | AY170: =AV170*1000 -> 2200 | BA170: Ford | BB170: Everest | BC170: 2016 | BD170: 2559 | BE170: 9 | BF170: 2.2 | BG170: 470000 | BH170: 440000 | BI170: 690000 | BK170: =BA170&" "&BB170&"_"&BD170&"_"&BF170*1000 -> Ford Everest_2559_2200 | BL170: =BG170 -> 470000 | BM170: =BH170 -> 440000 | BN170: =BI170 -> 690000
O171: Mazda BT-50 PRO_2558 | P171: 3200 | S171: Ford Everest_2559_2200 | T171: 490000 | U171: 440000 | V171: 690000 | AQ171: Mazda | AR171: BT-50 PRO | AS171: 2015 | AT171: 2558 | AU171: 10 | AV171: 2.5 | AX171: =AQ171&" "&AR171&"_"&AT171 -> Mazda BT-50 PRO_2558 | AY171: =AV171*1000 -> 2500 | BA171: Ford | BB171: Everest | BC171: 2016 | BD171: 2559 | BE171: 9 | BF171: 2.2 | BG171: 480000 | BH171: 440000 | BI171: 690000 | BK171: =BA171&" "&BB171&"_"&BD171&"_"&BF171*1000 -> Ford Everest_2559_2200 | BL171: =BG171 -> 480000 | BM171: =BH171 -> 440000 | BN171: =BI171 -> 690000
O172: Mazda BT-50 PRO_2559 | P172: 2200 | S172: Ford Everest_2559_2200 | T172: 500000 | U172: 440000 | V172: 690000 | AQ172: Mazda | AR172: BT-50 PRO | AS172: 2015 | AT172: 2558 | AU172: 10 | AV172: 3.2 | AX172: =AQ172&" "&AR172&"_"&AT172 -> Mazda BT-50 PRO_2558 | AY172: =AV172*1000 -> 3200 | BA172: Ford | BB172: Everest | BC172: 2016 | BD172: 2559 | BE172: 9 | BF172: 2.2 | BG172: 490000 | BH172: 440000 | BI172: 690000 | BK172: =BA172&" "&BB172&"_"&BD172&"_"&BF172*1000 -> Ford Everest_2559_2200 | BL172: =BG172 -> 490000 | BM172: =BH172 -> 440000 | BN172: =BI172 -> 690000
O173: Mazda BT-50 PRO_2559 | P173: 2500 | S173: Ford Everest_2559_2200 | T173: 510000 | U173: 440000 | V173: 690000 | AQ173: Mazda | AR173: BT-50 PRO | AS173: 2016 | AT173: 2559 | AU173: 9 | AV173: 2.2 | AX173: =AQ173&" "&AR173&"_"&AT173 -> Mazda BT-50 PRO_2559 | AY173: =AV173*1000 -> 2200 | BA173: Ford | BB173: Everest | BC173: 2016 | BD173: 2559 | BE173: 9 | BF173: 2.2 | BG173: 500000 | BH173: 440000 | BI173: 690000 | BK173: =BA173&" "&BB173&"_"&BD173&"_"&BF173*1000 -> Ford Everest_2559_2200 | BL173: =BG173 -> 500000 | BM173: =BH173 -> 440000 | BN173: =BI173 -> 690000
O174: Mazda BT-50 PRO_2559 | P174: 3200 | S174: Ford Everest_2559_2200 | T174: 520000 | U174: 440000 | V174: 690000 | AQ174: Mazda | AR174: BT-50 PRO | AS174: 2016 | AT174: 2559 | AU174: 9 | AV174: 2.5 | AX174: =AQ174&" "&AR174&"_"&AT174 -> Mazda BT-50 PRO_2559 | AY174: =AV174*1000 -> 2500 | BA174: Ford | BB174: Everest | BC174: 2016 | BD174: 2559 | BE174: 9 | BF174: 2.2 | BG174: 510000 | BH174: 440000 | BI174: 690000 | BK174: =BA174&" "&BB174&"_"&BD174&"_"&BF174*1000 -> Ford Everest_2559_2200 | BL174: =BG174 -> 510000 | BM174: =BH174 -> 440000 | BN174: =BI174 -> 690000
O175: Mazda BT-50 PRO_2560 | P175: 2200 | S175: Ford Everest_2559_2200 | T175: 530000 | U175: 440000 | V175: 690000 | AQ175: Mazda | AR175: BT-50 PRO | AS175: 2016 | AT175: 2559 | AU175: 9 | AV175: 3.2 | AX175: =AQ175&" "&AR175&"_"&AT175 -> Mazda BT-50 PRO_2559 | AY175: =AV175*1000 -> 3200 | BA175: Ford | BB175: Everest | BC175: 2016 | BD175: 2559 | BE175: 9 | BF175: 2.2 | BG175: 520000 | BH175: 440000 | BI175: 690000 | BK175: =BA175&" "&BB175&"_"&BD175&"_"&BF175*1000 -> Ford Everest_2559_2200 | BL175: =BG175 -> 520000 | BM175: =BH175 -> 440000 | BN175: =BI175 -> 690000
O176: Mazda BT-50 PRO_2560 | P176: 3200 | S176: Ford Everest_2559_2200 | T176: 540000 | U176: 440000 | V176: 690000 | AQ176: Mazda | AR176: BT-50 PRO | AS176: 2017 | AT176: 2560 | AU176: 8 | AV176: 2.2 | AX176: =AQ176&" "&AR176&"_"&AT176 -> Mazda BT-50 PRO_2560 | AY176: =AV176*1000 -> 2200 | BA176: Ford | BB176: Everest | BC176: 2016 | BD176: 2559 | BE176: 9 | BF176: 2.2 | BG176: 530000 | BH176: 440000 | BI176: 690000 | BK176: =BA176&" "&BB176&"_"&BD176&"_"&BF176*1000 -> Ford Everest_2559_2200 | BL176: =BG176 -> 530000 | BM176: =BH176 -> 440000 | BN176: =BI176 -> 690000
O177: Mazda BT-50 PRO_2561 | P177: 2200 | S177: Ford Everest_2559_2200 | T177: 550000 | U177: 440000 | V177: 690000 | AQ177: Mazda | AR177: BT-50 PRO | AS177: 2017 | AT177: 2560 | AU177: 8 | AV177: 3.2 | AX177: =AQ177&" "&AR177&"_"&AT177 -> Mazda BT-50 PRO_2560 | AY177: =AV177*1000 -> 3200 | BA177: Ford | BB177: Everest | BC177: 2016 | BD177: 2559 | BE177: 9 | BF177: 2.2 | BG177: 540000 | BH177: 440000 | BI177: 690000 | BK177: =BA177&" "&BB177&"_"&BD177&"_"&BF177*1000 -> Ford Everest_2559_2200 | BL177: =BG177 -> 540000 | BM177: =BH177 -> 440000 | BN177: =BI177 -> 690000
O178: Mazda BT-50 PRO_2561 | P178: 3200 | S178: Ford Everest_2559_2200 | T178: 560000 | U178: 440000 | V178: 690000 | AQ178: Mazda | AR178: BT-50 PRO | AS178: 2018 | AT178: 2561 | AU178: 7 | AV178: 2.2 | AX178: =AQ178&" "&AR178&"_"&AT178 -> Mazda BT-50 PRO_2561 | AY178: =AV178*1000 -> 2200 | BA178: Ford | BB178: Everest | BC178: 2016 | BD178: 2559 | BE178: 9 | BF178: 2.2 | BG178: 550000 | BH178: 440000 | BI178: 690000 | BK178: =BA178&" "&BB178&"_"&BD178&"_"&BF178*1000 -> Ford Everest_2559_2200 | BL178: =BG178 -> 550000 | BM178: =BH178 -> 440000 | BN178: =BI178 -> 690000
O179: Mazda BT-50 PRO_2562 | P179: 2200 | S179: Ford Everest_2559_2200 | T179: 570000 | U179: 440000 | V179: 690000 | AQ179: Mazda | AR179: BT-50 PRO | AS179: 2018 | AT179: 2561 | AU179: 7 | AV179: 3.2 | AX179: =AQ179&" "&AR179&"_"&AT179 -> Mazda BT-50 PRO_2561 | AY179: =AV179*1000 -> 3200 | BA179: Ford | BB179: Everest | BC179: 2016 | BD179: 2559 | BE179: 9 | BF179: 2.2 | BG179: 560000 | BH179: 440000 | BI179: 690000 | BK179: =BA179&" "&BB179&"_"&BD179&"_"&BF179*1000 -> Ford Everest_2559_2200 | BL179: =BG179 -> 560000 | BM179: =BH179 -> 440000 | BN179: =BI179 -> 690000
O180: Mazda BT-50 PRO_2562 | P180: 3200 | S180: Ford Everest_2559_2200 | T180: 580000 | U180: 440000 | V180: 690000 | AQ180: Mazda | AR180: BT-50 PRO | AS180: 2019 | AT180: 2562 | AU180: 6 | AV180: 2.2 | AX180: =AQ180&" "&AR180&"_"&AT180 -> Mazda BT-50 PRO_2562 | AY180: =AV180*1000 -> 2200 | BA180: Ford | BB180: Everest | BC180: 2016 | BD180: 2559 | BE180: 9 | BF180: 2.2 | BG180: 570000 | BH180: 440000 | BI180: 690000 | BK180: =BA180&" "&BB180&"_"&BD180&"_"&BF180*1000 -> Ford Everest_2559_2200 | BL180: =BG180 -> 570000 | BM180: =BH180 -> 440000 | BN180: =BI180 -> 690000
O181: Mazda BT-50 PRO_2563 | P181: 2200 | S181: Ford Everest_2559_2200 | T181: 590000 | U181: 440000 | V181: 690000 | AQ181: Mazda | AR181: BT-50 PRO | AS181: 2019 | AT181: 2562 | AU181: 6 | AV181: 3.2 | AX181: =AQ181&" "&AR181&"_"&AT181 -> Mazda BT-50 PRO_2562 | AY181: =AV181*1000 -> 3200 | BA181: Ford | BB181: Everest | BC181: 2016 | BD181: 2559 | BE181: 9 | BF181: 2.2 | BG181: 580000 | BH181: 440000 | BI181: 690000 | BK181: =BA181&" "&BB181&"_"&BD181&"_"&BF181*1000 -> Ford Everest_2559_2200 | BL181: =BG181 -> 580000 | BM181: =BH181 -> 440000 | BN181: =BI181 -> 690000
O182: Mitsubishi Pajero Sport_2553 | P182: 2500 | S182: Ford Everest_2559_2200 | T182: 600000 | U182: 440000 | V182: 690000 | AQ182: Mazda | AR182: BT-50 PRO | AS182: 2020 | AT182: 2563 | AU182: 5 | AV182: 2.2 | AX182: =AQ182&" "&AR182&"_"&AT182 -> Mazda BT-50 PRO_2563 | AY182: =AV182*1000 -> 2200 | BA182: Ford | BB182: Everest | BC182: 2016 | BD182: 2559 | BE182: 9 | BF182: 2.2 | BG182: 590000 | BH182: 440000 | BI182: 690000 | BK182: =BA182&" "&BB182&"_"&BD182&"_"&BF182*1000 -> Ford Everest_2559_2200 | BL182: =BG182 -> 590000 | BM182: =BH182 -> 440000 | BN182: =BI182 -> 690000
... O343: Toyota Hilux Vigo_2558 | P343: 3000 | S343: Ford Everest_2561_3200 | T343: 790000 | U343: 580000 | V343: 820000 | AQ343: Toyota | AR343: Hilux Vigo | AS343: 2015 | AT343: 2558 | AU343: 10 | AV343: 2.7 | AX343: =AQ343&" "&AR343&"_"&AT343 -> Toyota Hilux Vigo_2558 | AY343: =AV343*1000 -> 2700 | BA343: Ford | BB343: Everest | BC343: 2018 | BD343: 2561 | BE343: 7 | BF343: 3.2 | BG343: 780000 | BH343: 580000 | BI343: 820000 | BK343: =BA343&" "&BB343&"_"&BD343&"_"&BF343*1000 -> Ford Everest_2561_3200 | BL343: =BG343 -> 780000 | BM343: =BH343 -> 580000 | BN343: =BI343 -> 820000
S344: Ford Everest_2561_3200 | T344: 800000 | U344: 580000 | V344: 820000 | AQ344: Toyota | AR344: Hilux Vigo | AS344: 2015 | AT344: 2558 | AU344: 10 | AV344: 3 | AX344: =AQ344&" "&AR344&"_"&AT344 -> Toyota Hilux Vigo_2558 | AY344: =AV344*1000 -> 3000 | BA344: Ford | BB344: Everest | BC344: 2018 | BD344: 2561 | BE344: 7 | BF344: 3.2 | BG344: 790000 | BH344: 580000 | BI344: 820000 | BK344: =BA344&" "&BB344&"_"&BD344&"_"&BF344*1000 -> Ford Everest_2561_3200 | BL344: =BG344 -> 790000 | BM344: =BH344 -> 580000 | BN344: =BI344 -> 820000
S345: Ford Everest_2561_3200 | T345: 810000 | U345: 580000 | V345: 820000 | BA345: Ford | BB345: Everest | BC345: 2018 | BD345: 2561 | BE345: 7 | BF345: 3.2 | BG345: 800000 | BH345: 580000 | BI345: 820000 | BK345: =BA345&" "&BB345&"_"&BD345&"_"&BF345*1000 -> Ford Everest_2561_3200 | BL345: =BG345 -> 800000 | BM345: =BH345 -> 580000 | BN345: =BI345 -> 820000
S346: Ford Everest_2561_3200 | T346: 820000 | U346: 580000 | V346: 820000 | BA346: Ford | BB346: Everest | BC346: 2018 | BD346: 2561 | BE346: 7 | BF346: 3.2 | BG346: 810000 | BH346: 580000 | BI346: 820000 | BK346: =BA346&" "&BB346&"_"&BD346&"_"&BF346*1000 -> Ford Everest_2561_3200 | BL346: =BG346 -> 810000 | BM346: =BH346 -> 580000 | BN346: =BI346 -> 820000
S347: Ford Everest_2562_2000 | T347: 580000 | U347: 580000 | V347: 970000 | BA347: Ford | BB347: Everest | BC347: 2018 | BD347: 2561 | BE347: 7 | BF347: 3.2 | BG347: 820000 | BH347: 580000 | BI347: 820000 | BK347: =BA347&" "&BB347&"_"&BD347&"_"&BF347*1000 -> Ford Everest_2561_3200 | BL347: =BG347 -> 820000 | BM347: =BH347 -> 580000 | BN347: =BI347 -> 820000
S348: Ford Everest_2562_2000 | T348: 590000 | U348: 580000 | V348: 970000 | BA348: Ford | BB348: Everest | BC348: 2019 | BD348: 2562 | BE348: 6 | BF348: 2 | BG348: 580000 | BH348: 580000 | BI348: 970000 | BK348: =BA348&" "&BB348&"_"&BD348&"_"&BF348*1000 -> Ford Everest_2562_2000 | BL348: =BG348 -> 580000 | BM348: =BH348 -> 580000 | BN348: =BI348 -> 970000
S349: Ford Everest_2562_2000 | T349: 600000 | U349: 580000 | V349: 970000 | BA349: Ford | BB349: Everest | BC349: 2019 | BD349: 2562 | BE349: 6 | BF349: 2 | BG349: 590000 | BH349: 580000 | BI349: 970000 | BK349: =BA349&" "&BB349&"_"&BD349&"_"&BF349*1000 -> Ford Everest_2562_2000 | BL349: =BG349 -> 590000 | BM349: =BH349 -> 580000 | BN349: =BI349 -> 970000
S350: Ford Everest_2562_2000 | T350: 610000 | U350: 580000 | V350: 970000 | BA350: Ford | BB350: Everest | BC350: 2019 | BD350: 2562 | BE350: 6 | BF350: 2 | BG350: 600000 | BH350: 580000 | BI350: 970000 | BK350: =BA350&" "&BB350&"_"&BD350&"_"&BF350*1000 -> Ford Everest_2562_2000 | BL350: =BG350 -> 600000 | BM350: =BH350 -> 580000 | BN350: =BI350 -> 970000
S351: Ford Everest_2562_2000 | T351: 620000 | U351: 580000 | V351: 970000 | BA351: Ford | BB351: Everest | BC351: 2019 | BD351: 2562 | BE351: 6 | BF351: 2 | BG351: 610000 | BH351: 580000 | BI351: 970000 | BK351: =BA351&" "&BB351&"_"&BD351&"_"&BF351*1000 -> Ford Everest_2562_2000 | BL351: =BG351 -> 610000 | BM351: =BH351 -> 580000 | BN351: =BI351 -> 970000
S352: Ford Everest_2562_2000 | T352: 630000 | U352: 580000 | V352: 970000 | BA352: Ford | BB352: Everest | BC352: 2019 | BD352: 2562 | BE352: 6 | BF352: 2 | BG352: 620000 | BH352: 580000 | BI352: 970000 | BK352: =BA352&" "&BB352&"_"&BD352&"_"&BF352*1000 -> Ford Everest_2562_2000 | BL352: =BG352 -> 620000 | BM352: =BH352 -> 580000 | BN352: =BI352 -> 970000
S353: Ford Everest_2562_2000 | T353: 640000 | U353: 580000 | V353: 970000 | BA353: Ford | BB353: Everest | BC353: 2019 | BD353: 2562 | BE353: 6 | BF353: 2 | BG353: 630000 | BH353: 580000 | BI353: 970000 | BK353: =BA353&" "&BB353&"_"&BD353&"_"&BF353*1000 -> Ford Everest_2562_2000 | BL353: =BG353 -> 630000 | BM353: =BH353 -> 580000 | BN353: =BI353 -> 970000
S354: Ford Everest_2562_2000 | T354: 650000 | U354: 580000 | V354: 970000 | BA354: Ford | BB354: Everest | BC354: 2019 | BD354: 2562 | BE354: 6 | BF354: 2 | BG354: 640000 | BH354: 580000 | BI354: 970000 | BK354: =BA354&" "&BB354&"_"&BD354&"_"&BF354*1000 -> Ford Everest_2562_2000 | BL354: =BG354 -> 640000 | BM354: =BH354 -> 580000 | BN354: =BI354 -> 970000
S355: Ford Everest_2562_2000 | T355: 660000 | U355: 580000 | V355: 970000 | BA355: Ford | BB355: Everest | BC355: 2019 | BD355: 2562 | BE355: 6 | BF355: 2 | BG355: 650000 | BH355: 580000 | BI355: 970000 | BK355: =BA355&" "&BB355&"_"&BD355&"_"&BF355*1000 -> Ford Everest_2562_2000 | BL355: =BG355 -> 650000 | BM355: =BH355 -> 580000 | BN355: =BI355 -> 970000
S356: Ford Everest_2562_2000 | T356: 670000 | U356: 580000 | V356: 970000 | BA356: Ford | BB356: Everest | BC356: 2019 | BD356: 2562 | BE356: 6 | BF356: 2 | BG356: 660000 | BH356: 580000 | BI356: 970000 | BK356: =BA356&" "&BB356&"_"&BD356&"_"&BF356*1000 -> Ford Everest_2562_2000 | BL356: =BG356 -> 660000 | BM356: =BH356 -> 580000 | BN356: =BI356 -> 970000
...

Sheet Pivot_Motor SI 
A2: MAKE_YEAR2 | B2: (All)
A3: SI | B3: (All)
A4: Motor code | B4: (All)
A5: YearGroup | B5: (All)
A6: MAKE_YEAR | B6: (All)
A7: EngineDescription | B7: (All)
A10: Vehicle Type | B10: MakeDescription FamilyDescription
A11: รถกระบะ 2 ประตู | B11: Ford Ranger
A12: รถกระบะ 2 ประตู | B12: Isuzu D-Max
A13: รถกระบะ 2 ประตู | B13: Mazda BT-50
A14: รถกระบะ 2 ประตู | B14: Mazda BT-50 PRO
A15: รถกระบะ 2 ประตู | B15: Mitsubishi Triton
... A35: รถเก๋ง SUV | B35: Toyota Fortuner

Sheet Motor SI
A1: Vehicle Type | B1: Motor code | C1: MakeDescription | D1: FamilyDescription | E1: YearGroup | F1: =C1&" "&D1 -> MakeDescription FamilyDescription | G1: MAKE_YEAR | H1: EngineDescription | I1: MAKE_YEAR | J1: SI | M1: MakeDescription FamilyDescription
A2: รถเก๋ง SUV | B2: 110 | C2: Ford | D2: Everest | E2: 2010 | F2: =C2&" "&D2 -> Ford Everest | G2: =F2&"_"&E2 -> Ford Everest_2010 | H2: 2500 | I2: =G2&"_"&H2 -> Ford Everest_2010_2500 | J2: 240000 | M2: Ford Everest
A3: รถเก๋ง SUV | B3: 110 | C3: Ford | D3: Everest | E3: 2010 | F3: =C3&" "&D3 -> Ford Everest | G3: =F3&"_"&E3 -> Ford Everest_2010 | H3: 2500 | I3: =G3&"_"&H3 -> Ford Everest_2010_2500 | J3: 230000 | M3: Ford Ranger
A4: รถเก๋ง SUV | B4: 110 | C4: Ford | D4: Everest | E4: 2010 | F4: =C4&" "&D4 -> Ford Everest | G4: =F4&"_"&E4 -> Ford Everest_2010 | H4: 2500 | I4: =G4&"_"&H4 -> Ford Everest_2010_2500 | J4: 220000 | M4: Honda CR-V
A5: รถเก๋ง SUV | B5: 110 | C5: Ford | D5: Everest | E5: 2010 | F5: =C5&" "&D5 -> Ford Everest | G5: =F5&"_"&E5 -> Ford Everest_2010 | H5: 2500 | I5: =G5&"_"&H5 -> Ford Everest_2010_2500 | J5: 210000 | M5: Isuzu D-Max
A6: รถเก๋ง SUV | B6: 110 | C6: Ford | D6: Everest | E6: 2010 | F6: =C6&" "&D6 -> Ford Everest | G6: =F6&"_"&E6 -> Ford Everest_2010 | H6: 2500 | I6: =G6&"_"&H6 -> Ford Everest_2010_2500 | J6: 200000 | M6: Isuzu MU-7
A7: รถเก๋ง SUV | B7: 110 | C7: Ford | D7: Everest | E7: 2010 | F7: =C7&" "&D7 -> Ford Everest | G7: =F7&"_"&E7 -> Ford Everest_2010 | H7: 2500 | I7: =G7&"_"&H7 -> Ford Everest_2010_2500 | J7: 190000 | M7: Isuzu MU-X
A8: รถเก๋ง SUV | B8: 110 | C8: Ford | D8: Everest | E8: 2010 | F8: =C8&" "&D8 -> Ford Everest | G8: =F8&"_"&E8 -> Ford Everest_2010 | H8: 3000 | I8: =G8&"_"&H8 -> Ford Everest_2010_3000 | J8: 260000 | M8: Mazda BT-50
A9: รถเก๋ง SUV | B9: 110 | C9: Ford | D9: Everest | E9: 2010 | F9: =C9&" "&D9 -> Ford Everest | G9: =F9&"_"&E9 -> Ford Everest_2010 | H9: 3000 | I9: =G9&"_"&H9 -> Ford Everest_2010_3000 | J9: 250000 | M9: Mazda BT-50 PRO
A10: รถเก๋ง SUV | B10: 110 | C10: Ford | D10: Everest | E10: 2010 | F10: =C10&" "&D10 -> Ford Everest | G10: =F10&"_"&E10 -> Ford Everest_2010 | H10: 3000 | I10: =G10&"_"&H10 -> Ford Everest_2010_3000 | J10: 240000 | M10: Mitsubishi Pajero Sport
A11: รถเก๋ง SUV | B11: 110 | C11: Ford | D11: Everest | E11: 2010 | F11: =C11&" "&D11 -> Ford Everest | G11: =F11&"_"&E11 -> Ford Everest_2010 | H11: 3000 | I11: =G11&"_"&H11 -> Ford Everest_2010_3000 | J11: 230000 | M11: Mitsubishi Triton
A12: รถกระบะ 2 ประตู | B12: 320 | C12: Ford | D12: Ranger | E12: 2010 | F12: =C12&" "&D12 -> Ford Ranger | G12: =F12&"_"&E12 -> Ford Ranger_2010 | H12: 2500 | I12: =G12&"_"&H12 -> Ford Ranger_2010_2500 | J12: 200000 | M12: Nissan Frontier
A13: รถกระบะ 2 ประตู | B13: 320 | C13: Ford | D13: Ranger | E13: 2010 | F13: =C13&" "&D13 -> Ford Ranger | G13: =F13&"_"&E13 -> Ford Ranger_2010 | H13: 2500 | I13: =G13&"_"&H13 -> Ford Ranger_2010_2500 | J13: 190000 | M13: Nissan Frontier Navara
... A18: รถกระบะ 2 ประตู | B18: 320 | C18: Ford | D18: Ranger | E18: 2010 | F18: =C18&" "&D18 -> Ford Ranger | G18: =F18&"_"&E18 -> Ford Ranger_2010 | H18: 2500 | I18: =G18&"_"&H18 -> Ford Ranger_2010_2500 | J18: 140000 | M18: Toyota Hilux Vigo
A19: รถกระบะ 2 ประตู | B19: 320 | C19: Ford | D19: Ranger | E19: 2010 | F19: =C19&" "&D19 -> Ford Ranger | G19: =F19&"_"&E19 -> Ford Ranger_2010 | H19: 2500 | I19: =G19&"_"&H19 -> Ford Ranger_2010_2500 | J19: 130000
A20: รถกระบะ 2 ประตู | B20: 320 | C20: Ford | D20: Ranger | E20: 2010 | F20: =C20&" "&D20 -> Ford Ranger | G20: =F20&"_"&E20 -> Ford Ranger_2010 | H20: 2500 | I20: =G20&"_"&H20 -> Ford Ranger_2010_2500 | J20: 120000
A21: รถกระบะ 2 ประตู | B21: 320 | C21: Ford | D21: Ranger | E21: 2010 | F21: =C21&" "&D21 -> Ford Ranger | G21: =F21&"_"&E21 -> Ford Ranger_2010 | H21: 3000 | I21: =G21&"_"&H21 -> Ford Ranger_2010_3000 | J21: 220000
A22: รถกระบะ 2 ประตู | B22: 320 | C22: Ford | D22: Ranger | E22: 2010 | F22: =C22&" "&D22 -> Ford Ranger | G22: =F22&"_"&E22 -> Ford Ranger_2010 | H22: 3000 | I22: =G22&"_"&H22 -> Ford Ranger_2010_3000 | J22: 210000
A23: รถกระบะ 2 ประตู | B23: 320 | C23: Ford | D23: Ranger | E23: 2010 | F23: =C23&" "&D23 -> Ford Ranger | G23: =F23&"_"&E23 -> Ford Ranger_2010 | H23: 3000 | I23: =G23&"_"&H23 -> Ford Ranger_2010_3000 | J23: 200000
A24: รถกระบะ 2 ประตู | B24: 320 | C24: Ford | D24: Ranger | E24: 2010 | F24: =C24&" "&D24 -> Ford Ranger | G24: =F24&"_"&E24 -> Ford Ranger_2010 | H24: 3000 | I24: =G24&"_"&H24 -> Ford Ranger_2010_3000 | J24: 190000
A25: รถกระบะ 2 ประตู | B25: 320 | C25: Ford | D25: Ranger | E25: 2010 | F25: =C25&" "&D25 -> Ford Ranger | G25: =F25&"_"&E25 -> Ford Ranger_2010 | H25: 3000 | I25: =G25&"_"&H25 -> Ford Ranger_2010_3000 | J25: 180000
A26: รถกระบะ 2 ประตู | B26: 320 | C26: Ford | D26: Ranger | E26: 2010 | F26: =C26&" "&D26 -> Ford Ranger | G26: =F26&"_"&E26 -> Ford Ranger_2010 | H26: 3000 | I26: =G26&"_"&H26 -> Ford Ranger_2010_3000 | J26: 170000
A27: รถกระบะ 2 ประตู | B27: 320 | C27: Ford | D27: Ranger | E27: 2010 | F27: =C27&" "&D27 -> Ford Ranger | G27: =F27&"_"&E27 -> Ford Ranger_2010 | H27: 3000 | I27: =G27&"_"&H27 -> Ford Ranger_2010_3000 | J27: 160000
A28: รถกระบะ 2 ประตู | B28: 320 | C28: Ford | D28: Ranger | E28: 2010 | F28: =C28&" "&D28 -> Ford Ranger | G28: =F28&"_"&E28 -> Ford Ranger_2010 | H28: 3000 | I28: =G28&"_"&H28 -> Ford Ranger_2010_3000 | J28: 150000
A29: รถกระบะ 2 ประตู | B29: 320 | C29: Ford | D29: Ranger | E29: 2010 | F29: =C29&" "&D29 -> Ford Ranger | G29: =F29&"_"&E29 -> Ford Ranger_2010 | H29: 3000 | I29: =G29&"_"&H29 -> Ford Ranger_2010_3000 | J29: 140000
A30: รถกระบะ 4 ประตู | B30: 110 | C30: Ford | D30: Ranger | E30: 2010 | F30: =C30&" "&D30 -> Ford Ranger | G30: =F30&"_"&E30 -> Ford Ranger_2010 | H30: 2500 | I30: =G30&"_"&H30 -> Ford Ranger_2010_2500 | J30: 230000
... A7117: รถกระบะ 4 ประตู | B7117: 110 | C7117: Toyota | D7117: Hilux Revo | E7117: 2023 | F7117: =C7117&" "&D7117 -> Toyota Hilux Revo | G7117: =F7117&"_"&E7117 -> Toyota Hilux Revo_2023 | H7117: 2800 | I7117: =G7117&"_"&H7117 -> Toyota Hilux Revo_2023_2800 | J7117: 520000

Sheet Rate 2+
A2: ทุนประกันภัย Sum insured | B2: รถเก๋ง/รถกระบะ 4 ประตู - Non Europe car (Sedan/Pickup truck 4 doors - Non Europe car) | D2: รถเก๋ง - Europe car (Sedan - Europe car) | F2: รถกระบะ 2 ประตู ไม่เกิน 4 ตัน (Pickup truck 2 doors not over 4 tons)
B3: เบี้ยสุทธิ Net Premium | C3: เบี้ยรวมอากรสแตมป์และภาษี Total Premium | D3: เบี้ยสุทธิ Net Premium | E3: เบี้ยรวมอากรสแตมป์และภาษี Total Premium | F3: เบี้ยสุทธิ Net Premium | G3: เบี้ยรวมอากรสแตมป์และภาษี Total Premium
A4: 100000 | B4: 7074 | C4: =ROUND((B4+ROUNDUP(B4*0.4%,0))*1.07,2) -> 7600.21 | D4: 10146 | E4: =ROUND((D4+ROUNDUP(D4*0.4%,0))*1.07,2) -> 10900.09 | F4: 8192 | G4: =ROUND((F4+ROUNDUP(F4*0.4%,0))*1.07,2) -> 8800.75
A5: 150000 | B5: 7260 | C5: =ROUND((B5+ROUNDUP(B5*0.4%,0))*1.07,2) -> 7800.3 | D5: 11636 | E5: =ROUND((D5+ROUNDUP(D5*0.4%,0))*1.07,2) -> 12500.81 | F5: 8378 | G5: =ROUND((F5+ROUNDUP(F5*0.4%,0))*1.07,2) -> 9000.84
A6: 200000 | B6: 7540 | C6: =ROUND((B6+ROUNDUP(B6*0.4%,0))*1.07,2) -> 8100.97 | D6: 12101 | E6: =ROUND((D6+ROUNDUP(D6*0.4%,0))*1.07,2) -> 13000.5 | F6: 8564 | G6: =ROUND((F6+ROUNDUP(F6*0.4%,0))*1.07,2) -> 9200.93
A7: 250000 | B7: 7726 | C7: =ROUND((B7+ROUNDUP(B7*0.4%,0))*1.07,2) -> 8299.99 | D7: 12566 | E7: =ROUND((D7+ROUNDUP(D7*0.4%,0))*1.07,2) -> 13500.19 | F7: 8843 | G7: =ROUND((F7+ROUNDUP(F7*0.4%,0))*1.07,2) -> 9500.53
A8: 300000 | B8: 8005 | C8: =ROUND((B8+ROUNDUP(B8*0.4%,0))*1.07,2) -> 8600.66 | D8: 13125 | E8: =ROUND((D8+ROUNDUP(D8*0.4%,0))*1.07,2) -> 14100.46 | F8: 9308 | G8: =ROUND((F8+ROUNDUP(F8*0.4%,0))*1.07,2) -> 10000.22
B10: รถเก๋ง/รถกระบะ 4 ประตู FORD
B11: รถเก๋ง/รถกระบะ 4 ประตู ISUZU
B12: รถเก๋ง/รถกระบะ 4 ประตู FORD
B13: รถเก๋ง/รถกระบะ 4 ประตู MAZDA
B14: รถเก๋ง/รถกระบะ 4 ประตู MITSUBISHI
B15: รถเก๋ง/รถกระบะ 4 ประตู NISSAN
B16: รถเก๋ง/รถกระบะ 4 ประตู SUZUKI
B17: รถเก๋ง/รถกระบะ 4 ประตู TOYOTA
B18: Europe AUDI
B19: Europe BENZ
B20: Europe BMW
B21: Europe LEXUS
... B23: Europe VOLKSWAGEN

Sheet Rate Health
B2: ผลประโยชน์ด้านการรักษาพยาบาล
B3: ผลประโยชน์ด้านการรักษาพยาบาลคุ้มครองสุขภาพ เต็มเต็ม เบิกค่ารักษาพยาบาลตามที่จ่ายจริงแต่ไม่เกินที่ระบุในตารางผลประโยชน์ | AH3: หมวด 1 | AI3: หมวด 1 | AJ3: หมวด 7
K4: แผน 50,000 (S) | L4: แผน 75,000 | M4: แผน 100,000 | N4: แผน 200,000 | O4: แผน 300,000 (M) | P4: แผน 400,000 | Q4: แผน 500,000 (L) | R4: แผน 600,000 | S4: แผน 700,000 | T4: แผน 800,000 | U4: แผน 900,000 | V4: แผน 1,000,000 (Gold) | W4: แผน 1,500,000 | X4: แผน 2,000,000 | Y4: แผน 2,500,000 | Z4: แผน 3,000,000 | AA4: แผน 3,500,000 | AB4: แผน 4,000,000 | AC4: แผน 4,500,000 | AD4: แผน 5,000,000 (Platinum) | AG4: แผน 50,000 (S) | AH4: 50000 | AI4: 1000 | AJ4: 10000
B5: ผลประโยชน์กรณีผู้ป่วยใน | AG5: แผน 75,000 | AH5: 75000 | AI5: 1000 | AJ5: 15000
B6: ผลประโยชน์สูงสุดต่อการเข้าพักรักษาตัวเป็นผู้ป่วยในครั้งใดครั้งหนึ่ง | AG6: แผน 100,000 | AH6: 100000 | AI6: 1000 | AJ6: 20000
B7: หมวด 1. ค่าห้อง และค่าอาหาร ค่าบริการในโรงพยาบาล (ผู้ป่วยใน) ต่อการเข้าพักรักษาเป็นผู้ป่วยในครั้งใดครั้งหนึ่ง | K7: 50000 | L7: 75000 | M7: 100000 | N7: 200000 | O7: 300000 | P7: 400000 | Q7: 500000 | R7: 600000 | S7: 700000 | T7: 800000 | U7: 900000 | V7: 1000000 | W7: 1500000 | X7: 2000000 | Y7: 2500000 | Z7: 3000000 | AA7: 3500000 | AB7: 4000000 | AC7: 4500000 | AD7: 5000000 | AE7: บาท | AG7: แผน 200,000 | AH7: 200000 | AI7: 2000 | AJ7: 40000
B8: - ค่าห้องทั่วไป และค่าอาหาร ค่าบริการในโรงพยาบาล (ผู้ป่วยใน) ต่อการเข้าพักรักษาเป็นผู้ป่วยในครั้งใดครั้งหนึ่ง สูงสุดไม่เกิน 30 วัน | K8: 1000 | L8: 1000 | M8: 1000 | N8: 2000 | O8: 3000 | P8: 4000 | Q8: 5000 | R8: 6000 | S8: 7000 | T8: 8000 | U8: 9000 | V8: 10000 | W8: 15000 | X8: 20000 | Y8: 20000 | Z8: 20000 | AA8: 20000 | AB8: 20000 | AC8: 20000 | AD8: 20000 | AE8: บาท | AG8: แผน 300,000 (M) | AH8: 300000 | AI8: 3000 | AJ8: 60000
B9: - ค่าห้องผู้ป่วยวิกฤติ (Intensive Care Inpatient Room) จะจ่ายค่าห้อง และค่าอาหาร ค่าบริการในโรงพยาบาล (ผู้ป่วยใน) ให้เป็นจำนวน 2 เท่า สูงสุดไม่เกิน 15 วัน และเมื่อรวมกับห้องผู้ป่วยปกติแล้ว ไม่เกิน 30 วัน | K9: =K8*2 -> 2000 | L9: =L8*2 -> 2000 | M9: =M8*2 -> 2000 | N9: =N8*2 -> 4000 | O9: =O8*2 -> 6000 | P9: =P8*2 -> 8000 | Q9: =Q8*2 -> 10000 | R9: =R8*2 -> 12000 | ... AD9: =AD8*2 -> 40000 | AE9: บาท | AG9: แผน 400,000 | AH9: 400000 | AI9: 4000 | AJ9: 80000
B10: หมวด 2. ค่าบริการทางการแพทย์เพื่อการตรวจวินิจฉัยหรือบำบัดรักษา ค่าบริการโลหิตและส่วนประกอบของโลหิต ค่าบริการทางการพยาบาล ค่ายา ค่าสารอาหารทางหลอดเลือด และค่าเวชภัณฑ์ ต่อการเข้าพักรักษาเป็นผู้ป่วยในครั้งใดครั้งหนึ่ง | AG10: แผน 500,000 (L) | AH10: 500000 | AI10: 5000 | AJ10: 100000
B11: 2.1 ค่าบริการทางการแพทย์เพื่อการตรวจวินิจฉัย | K11: จ่ายตามจริง แต่ไม่เกินผลประโยชน์สูงสุดต่อการเข้าพักรักษาตัวครั้งใดครั้งหนึ่ง | AG11: แผน 600,000 | AH11: 600000 | AI11: 6000 | AJ11: 120000
B12: 2.2 ค่าบริการทางการแพทย์เพื่อการบำบัดรักษา ค่าบริการโลหิตและส่วนประกอบของโลหิต และค่าบริการทางการพยาบาล | AG12: แผน 700,000 | AH12: 700000 | AI12: 7000 | AJ12: 140000
B13: 2.3 ค่ายา ค่าสารอาหารทางหลอดเลือด และค่าเวชภัณฑ์ | AG13: แผน 800,000 | AH13: 800000 | AI13: 8000 | AJ13: 160000
B14: 2.4 ค่ายา และค่าเวชภัณฑ์สิ้นเปลือง (เวชภัณฑ์ 1) สำหรับกลับบ้าน | AG14: แผน 900,000 | AH14: 900000 | AI14: 9000 | AJ14: 180000
B15: หมวด 3. ค่าผู้ประกอบวิชาชีพเวชกรรม (แพทย์) ตรวจรักษา | K15: จ่ายตามจริง แต่ไม่เกินผลประโยชน์สูงสุดต่อการเข้าพักรักษาตัวครั้งใดครั้งหนึ่ง | AG15: แผน 1,000,000 (Gold) | AH15: 1000000 | AI15: 10000 | AJ15: 200000
B16: หมวด 4. ค่ารักษาพยาบาลโดยการผ่าตัด (ศัลยกรรม) และหัตถการ ต่อการเข้าพักรักษาเป็นผู้ป่วยในครั้งใดครั้งหนึ่ง | AG16: แผน 1,500,000 | AH16: 1500000 | AI16: 15000 | AJ16: 300000
B17: 4.1 ค่าห้องผ่าตัด และค่าห้องทำหัตถการ | K17: จ่ายตามจริง แต่ไม่เกินผลประโยชน์สูงสุดต่อการเข้าพักรักษาตัวครั้งใดครั้งหนึ่ง | AG17: แผน 2,000,000 | AH17: 2000000 | AI17: 20000 | AJ17: 400000
B18: 4.2 ค่ายา ค่าสารอาหารทางหลอดเลือด ค่าเวชภัณฑ์ และค่าอุปกรณ์การผ่าตัดและหัตถการ | AG18: แผน 2,500,000 | AH18: 2500000 | AI18: 20000 | AJ18: 500000
B19: 4.3 ค่าผู้ประกอบวิชาชีพเวชกรรม ทำศัลยกรรมและหัตถการ สำหรับแพทย์ทำศัลยกรรม และหัตถการ (รวมแพทย์ผู้ช่วยผ่าตัด) (Doctor fee) | AG19: แผน 3,000,000 | AH19: 3000000 | AI19: 20000 | AJ19: 600000
B20: 4.4 ค่าผู้ประกอบวิชาชีพเวชกรรม วิสัญญีแพทย์ (Doctor fee) | AG20: แผน 3,500,000 | AH20: 3500000 | AI20: 20000 | AJ20: 700000
B21: 4.5 ค่ารักษาพยาบาลโดยการผ่าตัดเปลี่ยนอวัยวะ | K21: 50000 | L21: 50000 | M21: 50000 | N21: 50000 | O21: 50000 | P21: 50000 | Q21: 50000 | R21: 50000 | S21: 50000 | T21: 50000 | U21: 50000 | V21: 50000 | W21: 50000 | X21: 50000 | Y21: 50000 | Z21: 50000 | AA21: 50000 | AB21: 50000 | AC21: 50000 | AD21: 50000 | AE21: บาท | AG21: แผน 4,000,000 | AH21: 4000000 | AI21: 20000 | AJ21: 800000
B22: หมวด 5. การผ่าตัดใหญ่ที่ไม่ต้องเข้าพักรักษาตัวเป็นผู้ป่วยใน (Day Surgery) (เฉพาะค่าทำศัลยกรรมและหัตถการ) | K22: จ่ายตามจริง แต่ไม่เกินผลประโยชน์สูงสุดต่อการเข้าพักรักษาตัวครั้งใดครั้งหนึ่ง | AG22: แผน 4,500,000 | AH22: 4500000 | AI22: 20000 | AJ22: 900000
B23: หมวด 6. ค่าบริการทางการแพทย์เพื่อตรวจวินิจฉัยที่เกี่ยวข้องโดยตรงก่อนและหลังการเข้าพักรักษาตัวเป็นผู้ป่วยใน หรือค่ารักษาพยาบาลผู้ป่วยนอกที่ต่อเนื่องที่เกี่ยวข้องโดยตรงหลังการเข้าพักรักษาตัวเป็นผู้ป่วยใน ต่อการเข้าพักรักษาตัวเป็นผู้ป่วยในครั้งใดครั้งหนึ่ง | AG23: แผน 5,000,000 (Platinum) | AH23: 5000000 | AI23: 20000 | AJ23: 1000000
B24: 6.1 ค่าบริการทางการแพทย์เพื่อการตรวจวินิจฉัยที่เกี่ยวข้องโดยตรงและเกิดขึ้นภายใน 30 วัน ก่อนและหลังการเข้าพักรักษาตัวเป็นผู้ป่วยใน | K24: จ่ายตามจริง แต่ไม่เกินผลประโยชน์สูงสุดต่อการเข้าพักรักษาตัวครั้งใดครั้งหนึ่ง
B25: 6.2 ค่ารักษาพยาบาลผู้ป่วยนอกหลังการเข้าพักรักษาตัวเป็นผู้ป่วยในต่อครั้ง สำหรับการรักษาพยาบาลต่อเนื่อง ภายใน 30 วัน หลังจากออกจากการเข้าพักรักษาเป็นผู้ป่วยในครั้งนั้น (ไม่รวมค่าบริการทางการแพทย์เพื่อตรวจวินิจฉัย)
B26: หมวด 7. ค่ารักษาพยาบาลการบาดเจ็บ กรณีผู้ป่วยนอก ภายใน 24 ชั่วโมง ของการเกิดอุบัติเหตุต่อครั้ง | K26: 10000 | L26: 15000 | M26: 20000 | N26: 40000 | O26: 60000 | P26: 80000 | Q26: 100000 | R26: 120000 | S26: 140000 | T26: 160000 | U26: 180000 | V26: 200000 | W26: 300000 | X26: 400000 | Y26: 500000 | Z26: 600000 | AA26: 700000 | AB26: 800000 | AC26: 900000 | AD26: 1000000
B27: หมวด 8. ค่าเวชศาสตร์ฟื้นฟู หลังการเข้าพักรักษาตัวเป็นผู้ป่วยใน แต่ละครั้งต่อการเข้าพักรักษาตัวเป็นผู้ป่วยในครั้งใดครั้งหนึ่ง | K27: จ่ายตามจริง แต่ไม่เกินผลประโยชน์สูงสุดต่อการเข้าพักรักษาตัวครั้งใดครั้งหนึ่ง
B28: หมวด 9. ค่าบริการทางการแพทย์เพื่อการบำบัดรักษาโรคไตวายเรื้อรัง โดยการล้างไตผ่านทางเส้นเลือด ต่อรอบปีกรมธรรม์ประกันภัย | K28: 50000 | L28: 50000 | M28: 50000 | N28: 50000 | O28: 50000 | P28: 50000 | Q28: 50000 | R28: 50000 | S28: 50000 | T28: 50000 | U28: 50000 | V28: 50000 | W28: 50000 | X28: 50000 | Y28: 50000 | Z28: 50000 | AA28: 50000 | AB28: 50000 | AC28: 50000 | AD28: 50000
B29: หมวด 10. ค่าบริการทางการแพทย์เพื่อการบำบัดรักษาโรคเนื้องอกหรือมะเร็ง โดยรังสีรักษา รังสีร่วมรักษา เวชศาสตร์นิวเคลียร์รักษา ต่อรอบปีกรมธรรม์ประกันภัย | K29: จ่ายตามจริง แต่ไม่เกินผลประโยชน์สูงสุดต่อการเข้าพักรักษาตัวครั้งใดครั้งหนึ่ง
B30: หมวด 11. ค่าบริการทางการแพทย์เพื่อการบำบัดรักษาโรคมะเร็ง โดยเคมีบำบัด รวมถึงการรักษาแบบออกฤทธิ์จำเพาะเจาะจงต่อเซลล์มะเร็ง (Targeted Therapy) ต่อรอบปีกรมธรรม์ประกันภัย | K30: จ่ายตามจริง แต่ไม่เกินผลประโยชน์สูงสุดต่อการเข้าพักรักษาตัวครั้งใดครั้งหนึ่ง
B31: หมวด 12. ค่าบริการรถพยาบาลฉุกเฉิน | K31: 5000 | L31: 5000 | M31: 5000 | N31: 5000 | O31: 5000 | P31: 5000 | Q31: 5000 | R31: 5000 | S31: 5000 | T31: 5000 | U31: 5000 | V31: 5000 | W31: 5000 | X31: 5000 | Y31: 5000 | Z31: 5000 | AA31: 5000 | AB31: 5000 | AC31: 5000 | AD31: 5000
B32: หมวด 13. ค่ารักษาพยาบาล โดยการผ่าตัดเล็ก | K32: จ่ายตามจริง แต่ไม่เกินผลประโยชน์สูงสุดต่อการเข้าพักรักษาตัวครั้งใดครั้งหนึ่ง
J33: Age | K33: Premium (Baht)
K34: แผน 50,000 (S) | L34: แผน 75,000 | M34: แผน 100,000 | N34: แผน 200,000 | O34: แผน 300,000 (M) | P34: แผน 400,000 | Q34: แผน 500,000 (L) | R34: แผน 600,000 | S34: แผน 700,000 | T34: แผน 800,000 | U34: แผน 900,000 | V34: แผน 1,000,000 (Gold) | W34: แผน 1,500,000 | X34: แผน 2,000,000 | Y34: แผน 2,500,000 | Z34: แผน 3,000,000 | AA34: แผน 3,500,000 | AB34: แผน 4,000,000 | AC34: แผน 4,500,000 | AD34: แผน 5,000,000 (Platinum)
J35: 18-25 | K35: 7500 | L35: 8000 | M35: 9000 | N35: 10000 | O35: 12000 | P35: 12900 | Q35: 15000 | R35: 17000 | S35: 18600 | T35: 20200 | U35: 21800 | V35: 23000 | W35: 24000 | X35: 24750 | Y35: 25500 | Z35: 26000 | AA35: 28000 | AB35: 29500 | AC35: 31000 | AD35: 32000
J36: 26-30 | K36: 6500 | L36: 6900 | M36: 7100 | N36: 9100 | O36: 11100 | P36: 12000 | Q36: 13000 | R36: 15300 | S36: 17100 | T36: 18900 | U36: 20700 | V36: 22000 | W36: 22700 | X36: 23200 | Y36: 23700 | Z36: 24000 | AA36: 25700 | AB36: 27000 | AC36: 28300 | AD36: 29000
J37: 31-35 | K37: 7800 | L37: 8200 | M37: 8500 | N37: 10900 | O37: 13300 | P37: 13500 | Q37: 14000 | R37: 16500 | S37: 18500 | T37: 20500 | U37: 22500 | V37: 24000 | W37: 24700 | X37: 25200 | Y37: 25700 | Z37: 26000 | AA37: 27700 | AB37: 29000 | AC37: 30300 | AD37: 31000
J38: 36-40 | K38: 7900 | L38: 8300 | M38: 8600 | N38: 11100 | O38: 13500 | P38: 14500 | Q38: 15000 | R38: 17500 | S38: 19500 | T38: 21500 | U38: 23500 | V38: 25000 | W38: 25700 | X38: 26200 | Y38: 26700 | Z38: 27000 | AA38: 28700 | AB38: 30000 | AC38: 31300 | AD38: 32000
J39: 41-45 | K39: 9100 | L39: 9600 | M39: 9900 | N39: 12800 | O39: 15600 | P39: 17000 | Q39: 18000 | R39: 20800 | S39: 23000 | T39: 25200 | U39: 27400 | V39: 29000 | W39: 30400 | X39: 31400 | Y39: 32400 | Z39: 33000 | AA39: 35400 | AB39: 37200 | AC39: 39000 | AD39: 40000
J40: 46-50 | K40: 9500 | L40: 10000 | M40: 10400 | N40: 13300 | O40: 16200 | P40: 19300 | Q40: 22000 | R40: 24300 | S40: 26100 | T40: 27900 | U40: 29700 | V40: 31000 | W40: 33000 | X40: 34500 | Y40: 36000 | Z40: 37000 | AA40: 39400 | AB40: 41200 | AC40: 43000 | AD40: 44000
J41: 51-55 | K41: 12000 | L41: 12600 | M41: 13100 | N41: 16800 | O41: 20500 | P41: 24300 | Q41: 25000 | R41: 27300 | S41: 29100 | T41: 30900 | U41: 32700 | V41: 34000 | W41: 36400 | X41: 38200 | Y41: 40000 | Z41: 41000 | AA41: 43000 | AB41: 44500 | AC41: 46000 | AD41: 47000
J42: 56-60 | K42: 13500 | L42: 14100 | M42: 14600 | N42: 18900 | O42: 22900 | P42: 27200 | Q42: 28000 | R42: 30500 | S42: 32500 | T42: 34500 | U42: 36500 | V42: 38000 | W42: 40700 | X42: 42700 | Y42: 44700 | Z42: 46000 | AA42: 48400 | AB42: 50200 | AC42: 52000 | AD42: 53000
J43: 61-65 | K43: 15900 | L43: 16700 | M43: 17300 | N43: 22300 | O43: 27100 | P43: 32200 | Q43: 37000 | R43: 39000 | S43: 40600 | T43: 42200 | U43: 43800 | V43: 45000 | W43: 48400 | X43: 50900 | Y43: 53400 | Z43: 55000 | AA43: 56700 | AB43: 58000 | AC43: 59300 | AD43: 60000
J44: 66-70 | K44: 18000 | L44: 18900 | M44: 19600 | N44: 25300 | O44: 30700 | P44: 36500 | Q44: 43000 | R44: 45300 | S44: 47100 | T44: 48900 | U44: 50700 | V44: 52000 | W44: 56000 | X44: 59000 | Y44: 62000 | Z44: 64000 | AA44: 65700 | AB44: 67000 | AC44: 68300 | AD44: 69000

Sheet Rate Cancer
A1: Coverage | G1: Sum Insured (Baht)
G2: แผน 100,000 | H2: แผน 200,000 | I2: แผน 500,000
A3: กรณีตรวจพบโรคมะเร็ง ก่อนระยะลุกลาม หรือลุกลาม (ไม่รวมมะเร็งผิวหนัง) | G3: 100000 | H3: 200000 | I3: 500000
A5: กรณีตรวจพบโรคมะเร็งผิวหนัง | G5: 10000 | H5: 20000 | I5: 50000
A7: ค่ารักษาพยาบาล สำหรับ การทำเคมีบำบัด/รังสีรักษา/การผ่าตัด (1) จ่ายตามจริง สูงสุดต่อครั้งไม่เกิน | G7: 100000 | H7: 100000 | I7: 300000
A9: กรณีการตรวจวินิจฉัยซ้ำ ( Second Opinion ) (2) | G9: 0 | H9: 0 | I9: 10000
A11: ค่าใช้จ่ายในการเดินทาง ต่อครั้ง (สูงสุด 10 ครั้ง)(3) | G11: 0 | H11: 0 | I11: 500
A14: Age ( Year) | G14: Premium (Baht)
G15: แผน 100,000 | H15: แผน 200,000 | I15: แผน 500,000
A16: 1-34 | G16: 900 | H16: 1488 | I16: 3888
A17: 35 | G17: 1248 | H17: 2064 | I17: 5376
A18: 36 | G18: 1260 | H18: 2100 | I18: 5436
A19: 37 | G19: 1272 | H19: 2112 | I19: 5496
A20: 38 | G20: 1284 | H20: 2124 | I20: 5568
A21: 39 | G21: 1320 | H21: 2160 | I21: 5628
A22: 40 | G22: 1368 | H22: 2268 | I22: 5928
A23: 41 | G23: 1392 | H23: 2292 | I23: 5988
A24: 42 | G24: 1416 | H24: 2316 | I24: 6048
A25: 43 | G25: 1464 | H25: 2340 | I25: 6096
A26: 44 | G26: 1476 | H26: 2364 | I26: 6132
A27: 45 | G27: 2244 | H27: 3708 | I27: 9744
A28: 46 | G28: 2256 | H28: 3732 | I28: 9828
... A42: 60 | G42: 3888 | H42: 6660 | I42: 17388

Sheet Rate HC
A1: แผนประกันภัยรักบ้าน ( Home Joy Package for CIMB Bank )
A3: ผลประโยชน์และความคุ้มครอง
A4: แผนประกันภัย “ซีไอเอ็มบี ไทย รายละเอียดความคุ้มครอง | B4: จำนวนเงินเอาประกัน ประกันภัย/ปี (บาท)
A5: หมวดการประกันอัคคีภัย และภัยเพิ่ม
A6: - คุ้มครองการสูญเสียหรือความเสียหายของทรัพย์สินภายในสถานที่เอาประกันภัยจาก ไฟไหม้ ฟ้าผ่า ระเบิด ภัยจากการเฉี่ยว และหรือการชนของยานพาหนะหรือสัตว์พาหนะ ภัยอากาศยาน ภัยเนื่องจากน้ำ (ไม่รวมน้ำท่วม) | B6: 500000
A7: ขยายความคุ้มครอง
A8: - กลุ่มภัยธรรมชาติ
A9: ภัยจากลมพายุ | B9: 500000
A10: ภัยจากแผ่นดินไหวหรือภูเขาไฟระเบิด หรือคลื่นใต้น้า หรือสึนามิ | B10: 500000
A11: ภัยจากลูกเห็บ | B11: 500000
A12: ภัยจากน้ำท่วม | B12: 50000
A13: - ความสูญเสียหรือความเสียหายต่อเครื่องไฟฟ้า | B13: 50000
A14: - ค่าใช้จ่ายสำหรับค่าเช่าที่อยู่อาศัยชั่วคราว* วันละ 1,000 บาท และสูงสุดตลอดอายุกรมธรรม์ไม่เกิน | B14: 50000
A15: - ความสูญเสียหรือความเสียหายต่อโบราณวัตถุหรือศิลปวัตถุ** สูงสุดตลอดอายุกรมธรรม์ไม่เกิน | B15: 10000
A16: - ความสูญเสียหรือความเสียหายต่อทรัพย์สินส่วนบุคคล*** สูงสุดตลอดอายุกรมธรรม์ไม่เกิน | B16: 10000
A17: หมวดการประกันภัยโจรกรรม
A18: - ความสูญเสียหรือความเสียหายของทรัพย์สิน ภายในตัวอาคาร อันเกิดจากการลักทรัพย์ ที่ปรากฏร่องรอยงัดแงะ หรือการชิงทรัพย์ หรือการปล้นทรัพย์ รวมถึงความเสียหายต่ออาคาร/ สิ่งปลูกสร้างอันเกิดจากการกระทำที่ได้รับความคุ้มครอง | B18: 50000
A19: หมวดการประกันภัยสำหรับเงิน
A20: - ความเสียหายของเงินภายในอาคารสถานที่เอาประกันภัย อันเกิดจากการชิงทรัพย์ ปล้นทรัพย์ และ/หรือ ความเสียหายของเงินภายในตู้นิรภัยหรือห้องนิรภัย อันเกิดจากการการโจรกรรมเงิน | B20: 50000
A21: หมวดการประกันภัยกระจก - ความเสียหายที่ทำให้กระจกแตก (ซึ่งไม่รวมถึงการเสียรูปหรือเสียหายนอกจากการร้าวตลอดความหนาของกระจก ความเสียหายที่เกิดในระหว่างการขนส่งหรือติดตั้ง หรือถอดถอน หรือเกี่ยวเนื่องโดยตรง และโดยอ้อมจากอัคคีภีย เป็นต้น) | B21: 50000
A22: หมวดความรับผิดต่อบุคคลภายนอก**** - เสียชีวิต, บาดเจ็บ หรือทรัพย์สินของบุคคลภายนอกเสียหาย สูงสุดตลอดระยะเวลาเอาประกันภัยไม่เกิน | B22: 500000
A23: หมวดเงินชดเชยกรณีการเสียชีวิต ของผู้เอาประกันภัย คู่สมรส และ/หรือบุตร
A24: - จากอัคคีภัยระเบิด หรือโจรกรรมทีเกิดขึน ภายในสถานทีเอาประกันภัย 100,000 บาท ต่อราย สูงสุด / ครั้งไม่เกิน | B24: 300000
A26: Sub Total Add Premium
A28: Total Premium ( ไม่รวมภาษีและอากร ) | B28: เบี้ยก่อนภาษีอากร ( บาท ) | C28: อากรแสตมป์ | D28: ภาษีมูลค่าเพิ่ม 7% | E28: เบี้ยรวมภาษีอากร ( บาท )
A30: 1 ปี | B30: 1814.25 | C30: 8 | D30: 127.5575 | E30: 1949.8075 | G30: 1950 | V30: เบี้ยประกันภัยรวมภาษีและอากรแล้ว
A31: 2 ปี | B31: 3173.5922 | C31: 13 | D31: 223.06145 | E31: 3409.6536 | G31: 3410 | V31: ระยะเวลาชำระเบี้ย | Z31: ระยะเวลาคุ้มครอง | AB31: เฉลี่ยปีละ
A32: 3 ปี | B32: 4532.4219 | C32: 19 | D32: 318.59953 | E32: 4870.0214 | G32: 4870 | W32: 1 | AA32: 3699.9958 | AB32: =AA32/W32 -> 3699.9958
A33: 4 ปี | B33: 5212.6494 | C33: 21 | D33: 366.35545 | E33: 5600.0048 | G33: 5600 | W33: 2 | AA33: 6470.0011 | AB33: =AA33/W33 -> 3235.0005
A34: 5 ปี | B34: 6329.139 | C34: 26 | D34: 444.85973 | E34: 6799.9987 | G34: 6800 | W34: 3 | AA34: 9239.9957 | AB34: =AA34/W34 -> 3079.9986
W35: 4 | AA35: 10649.999 | AB35: =AA35/W35 -> 2662.4997
W36: 5 | AA36: 12900.005 | AB36: =AA36/W36 -> 2580.0009
A40: เงื่อนไขการรับประกันภัย
A41: 1. คุ้มครองเฉพาะทรัพย์สินภายในอาคารที่พักอาศัย (ไม่คุ้มครองตัวอาคาร) ที่ไม่ใช้ประกอบธุรกิจอื่นร่วมด้วย
A42: 2. รับประกันภัยทรัพย์สินที่อยู่ภายในอาคารที่เป็นคอนกรีตล้วน หรือลักษณะตึก (สิ่งปลูกสร้างชั้น 1)
A43: 3. *โบราณวัตถุหรือศิลปวัตถุ เช่น พระเครื่อง พระพุทธรูป รูปปั้น รูปหล่อ ฯลฯ
A44: 4. **ทรัพย์สินส่วนบุคคล หมายถึง ทรัพย์สินที่พกพาติดตัวได้ เช่น นาฬิกาข้อมือ โทรศัพท์มือถือ บัตรเติมเงินโทรศัพท์
A45: คอมพิวเตอร์แบบกระเป๋าหิ้ว (Notebook) หรือแบบพกพา กล้องถ่ายรูปทุกประเภท กล้องวีดีโอ ฯลฯ
A46: 5. ความคุ้มครองและเงื่อนไขตามกรมธรรม์ประกันภัยของบริษัทที่ได้รับการอยุมัติจาก คปภ
A47: 6. รับประกันอาคารสิ่งปลูกสร้างอายุไม่เกิน 20 ปี
A48: 7. ทรัพย์สินที่เอาประกันภัยตั้งอยู่ภายในราชอาณาจักรไทยเท่านั้น
A49: 8. ทรัพย์สินที่เอาประกันภัยและอาคารที่ตั้งทรัพย์สินอยู่ในสภาพที่ดีปกติสมบูรณ์ ไม่มีความเสียหายก่อนทำประกันภัย
A50: 9. บริษัทฯ ขอสงวนสิทธิ์ในการยกเว้น หรือเพิ่มเติมเงื่อนไขต่างๆ ให้เหมาะกับสภาพความเสี่ยงภัย
A51: 10. ราคาอาจมีการปรับปรุงโดยหากผู้เอาประกันภัยมีประวัติความเสียหายในอดีต
A52: 11. ผู้เอาประกันภัยต้องกรอกใบคำขอเอาประกันภัยเพื่อยืนยันความคุ้มครอง

Sheet Rate PA
A1: ความคุ้มครอง | B1: แผน 500,000 | C1: แผน 1,000,000
A2: 1.การเสียชีวิต สูญเสียอวัยวะ สายตาหรือทุพพลภาพถาวรสิ้นเชิงจากอุบัติเหตุทั่วไป | B2: 500000 | C2: 1000000 | D2: 2
A3: 2.การเสียชีวิต สูญเสียอวัยวะ สายตาหรือทุพพลภาพถาวรสิ้นเชิงจากการถูกฆาตกรรมหรือถูกทําร้ายร่างกาย | B3: 500000 | C3: 1000000 | D3: 3
A4: 3.การเสียชีวิต สูญเสียอวัยวะ สายตาหรือทุพพลภาพถาวรสิ้นเชิงขณะขับขี่หรือโดยสารรถจักรยานยนต์ | B4: 100000 | C4: 200000 | D4: 4
A5: 2.การเสียชีวิต การสูญเสียอวัยวะ สายตา หรือทุพพลภาพถาวรสิ้นเชิง จากภัยสาธารณะ
A6: 2.1 จากอุบัติเหตุทั่วไป | B6: 1000000 | C6: 2000000 | D6: 6
A7: 2.2 จากการถูกฆาตกรรมหรือถูกทําร้ายร่างกาย | B7: 500000 | C7: 1000000 | D7: 7
A8: 5.การรักษาพยาบาลกรณีเกิดจากอุบัติเหตุในแต่ละครั้งจ่ายตามจริง | B8: 20000 | C8: 30000 | D8: 8
A9: 6.ค่าชดเชยรายได้ระหว่างการเข้ารักษาตัวในโรงพยาบาล อันเนื่องมาจากการบาดเจ็บจากอุบัติเหตุ | B9: 500 | C9: 1000 | D9: 9
A10: ( สูงสุด 30 วัน ต่ออุบัติเหตุในแต่ละครั้ง)
A11: 7.ค่าปลงศพ กรณีเสียชีวิตเนื่องจากการเจ็บป่วย และอุบัติเหตุ | B11: 25000 | C11: 50000 | D11: 11
A12: เบี้ยรวภาษีอากร | B12: 2750 | C12: 3970 | D12: 12
A14: อายุ | B14: แผน 500,000 | C14: แผน 1,000,000
A15: 16 | B15: 2750 | C15: 3970
A16: 17 | B16: 2750 | C16: 3970
A17: 18 | B17: 2750 | C17: 3970
A18: 19 | B18: 2750 | C18: 3970
A19: 20 | B19: 2750 | C19: 3970
A20: 21 | B20: 2750 | C20: 3970
A21: 22 | B21: 2750 | C21: 3970
A22: 23 | B22: 2750 | C22: 3970
A23: 24 | B23: 2750 | C23: 3970
A24: 25 | B24: 2750 | C24: 3970
A25: 26 | B25: 2750 | C25: 3970
A26: 27 | B26: 2750 | C26: 3970
... A59: 60 | B59: 2750 | C59: 3970

Sheet Sheet2
A1: Brand&Model | C1: Yeargroup | M1: Motor Code | V1: Engine | AF1: SI
A2: Row Labels
A3: Ford Everest | C3: Brand&Model | D3: Yeargroup | M3: Brand&Model | N3: Motor Code | V3: Brand&Model | W3: Motor Code | X3: Engine | AF3: Brand&Model | AG3: Motor Code | AH3: Engine | AI3: SI
A4: Isuzu D-Max | C4: Ford Everest | D4: 2006 | M4: Ford Everest | N4: 110 | V4: Ford Everest | W4: 110 | X4: 2500 | AF4: Ford Everest | AG4: 110 | AH4: 2500 | AI4: 140000
A5: Grand Total | C5: Isuzu D-Max | D5: 2006 | M5: Isuzu D-Max | N5: 320 | V5: Isuzu D-Max | W5: 320 | X5: ไม่เกิน 4 ตัน | AF5: Ford Everest | AG5: 110 | AH5: 2500 | AI5: 150,000
C6: Grand Total | M6: Grand Total | V6: Grand Total | AF6: Ford Everest | AG6: 110 | AH6: 2500 | AI6: 160,000
AF7: Ford Everest | AG7: 110 | AH7: 2500 | AI7: 170,000
AF8: Ford Everest | AG8: 110 | AH8: 2500 | AI8: 180,000
AF9: Ford Everest | AG9: 110 | AH9: 2500 | AI9: 190,000
AF10: Ford Everest | AG10: 110 | AH10: 2500 | AI10: 200,000
AF11: Ford Everest | AG11: 110 | AH11: 2500 | AI11: 210,000
AF12: Isuzu D-Max | AG12: 320 | AH12: ไม่เกิน 4 ตัน | AI12: 130000
AF13: Isuzu D-Max | AG13: 320 | AH13: ไม่เกิน 4 ตัน | AI13: 140,000
AF14: Isuzu D-Max | AG14: 320 | AH14: ไม่เกิน 4 ตัน | AI14: 150,000
AF15: Isuzu D-Max | AG15: 320 | AH15: ไม่เกิน 4 ตัน | AI15: 160,000
AF16: Isuzu D-Max | AG16: 320 | AH16: ไม่เกิน 4 ตัน | AI16: 170,000
AF17: Isuzu D-Max | AG17: 320 | AH17: ไม่เกิน 4 ตัน | AI17: 180,000
AF18: Isuzu D-Max | AG18: 320 | AH18: ไม่เกิน 4 ตัน | AI18: 190,000
AF19: Isuzu D-Max | AG19: 320 | AH19: ไม่เกิน 4 ตัน | AI19: 200,000
AF20: Isuzu D-Max | AG20: 320 | AH20: ไม่เกิน 4 ตัน | AI20: 210,000
AF21: Grand Total

Sheet Sheet5
A2: มอเตอร์ แคร์ (เบี้ยเหมา) - รถกระบะ | B2: ประกันรถยนต์ ซีไอเอ็มบี ไทย มอเตอร์ แคร์ ชั้น 1 (เบี้ยเหมา)
A3: มอเตอร์ กระบะเต็มเต็ม (ติดแหนบ/คอก) | B3: ประกันรถยนต์ ซีไอเอ็มบี ไทย มอเตอร์ แคร์ กระบะเต็มเต็ม ชั้น 1
A4: มอเตอร์ แคร์ (เบี้ยเหมา) - รถเก๋ง SUV | B4: ประกันรถยนต์ ซีไอเอ็มบี ไทย มอเตอร์ แคร์ ชั้น 1 (เบี้ยเหมา)
