Workbook
Name __xlfn_COUNTIFS: NA()

Sheet Income
L1: 12345
E4: แบบสรุปการคำนวณรายได้เจ้าของกิจการ
E6: ='Statement AC1'!A3 -> ชื่อ-นามสกุลลูกค้า | F6: ='Statement AC1'!B3 -> 0 | J6: Register NCB Active
F7: ชื่อธนาคาร | G7: ='Statement AC1'!B4 -> 0 | H7: ชื่อธนาคาร | I7: ='Statement AC2'!B4 -> 0 | J7: ชื่อธนาคาร | K7: ='Statement AC3'!B4 -> 0 | L7: ยอดรวม
E8: เดือน-ปี | F8: ชื่อบัญชี | G8: ='Statement AC1'!E4 -> 0 | H8: ชื่อบัญชี | I8: ='Statement AC2'!E4 -> 0 | J8: ชื่อบัญชี | K8: ='Statement AC3'!E4 -> 0 | L8: ทุกบัญชี
F9: เลขที่บัญชี | G9: ='Statement AC1'!H4 -> 0 | H9: เลขที่บัญชี | I9: ='Statement AC2'!H4 -> 0 | J9: เลขที่บัญชี | K9: ='Statement AC3'!H4 -> 0 | L9: ต่อเดือน
B11: =IF(G11>=1,1," ") | C11: =IF(I11>=1,1," ") | D11: =IF(K11>=1,1," ") | E11: ='Statement AC1'!A7 -> 244258 | G11: ='Statement AC1'!$B$117 -> 0 | I11: ='Statement AC2'!$B$63 -> 0 | K11: ='Statement AC3'!$B$63 -> 0 | L11: =SUM(F11:K11) -> 0
B12: =IF(G12>=1,1," ") | C12: =IF(I12>=1,1," ") | D12: =IF(K12>=1,1," ") | E12: ='Statement AC1'!C7 -> 244289 | G12: ='Statement AC1'!$D$117 -> 0 | I12: ='Statement AC2'!$D$63 -> 0 | K12: ='Statement AC3'!$D$63 -> 0 | L12: =SUM(F12:K12) -> 0
B13: =IF(G13>=1,1," ") | C13: =IF(I13>=1,1," ") | D13: =IF(K13>=1,1," ") | E13: ='Statement AC1'!E7 -> 244319 | G13: ='Statement AC1'!$F$117 -> 0 | I13: ='Statement AC2'!$F$63 -> 0 | K13: ='Statement AC3'!$F$63 -> 0 | L13: =SUM(F13:K13) -> 0
B14: =IF(G14>=1,1," ") | C14: =IF(I14>=1,1," ") | D14: =IF(K14>=1,1," ") | E14: ='Statement AC1'!G7 -> 244350 | G14: ='Statement AC1'!$H$117 -> 0 | I14: ='Statement AC2'!$H$63 -> 0 | K14: ='Statement AC3'!$H$63 -> 0 | L14: =SUM(F14:K14) -> 0
B15: =IF(G15>=1,1," ") | C15: =IF(I15>=1,1," ") | D15: =IF(K15>=1,1," ") | E15: ='Statement AC1'!I7 -> 244381 | G15: ='Statement AC1'!$J$117 -> 0 | I15: ='Statement AC2'!$J$63 -> 0 | K15: ='Statement AC3'!$J$63 -> 0 | L15: =SUM(F15:K15) -> 0
B16: =IF(G16>=1,1," ") | C16: =IF(I16>=1,1," ") | D16: =IF(K16>=1,1," ") | E16: ='Statement AC1'!K7 -> 244409 | G16: ='Statement AC1'!$L$117 -> 0 | I16: ='Statement AC2'!$L$63 -> 0 | K16: ='Statement AC3'!$L$63 -> 0 | L16: =SUM(F16:K16) -> 0
B17: =IF(G17>=1,1," ") | C17: =IF(I17>=1,1," ") | D17: =IF(K17>=1,1," ") | E17: ='Statement AC1'!M7 -> 242278 | G17: ='Statement AC1'!$N$117 -> 0 | I17: ='Statement AC2'!$N$63 -> 0 | K17: ='Statement AC3'!$N$63 -> 0 | L17: =SUM(F17:K17) -> 0
B18: =IF(G18>=1,1," ") | C18: =IF(I18>=1,1," ") | D18: =IF(K18>=1,1," ") | E18: ='Statement AC1'!O7 -> 242309 | G18: ='Statement AC1'!$P$117 -> 0 | I18: ='Statement AC2'!$P$63 -> 0 | K18: ='Statement AC3'!$P$63 -> 0 | L18: =SUM(F18:K18) -> 0
B19: =IF(G19>=1,1," ") | C19: =IF(I19>=1,1," ") | D19: =IF(K19>=1,1," ") | E19: ='Statement AC1'!Q7 -> 242339 | G19: ='Statement AC1'!$R$117 -> 0 | I19: ='Statement AC2'!$R$63 -> 0 | K19: ='Statement AC3'!$R$63 -> 0 | L19: =SUM(F19:K19) -> 0
B20: =IF(G20>=1,1," ") | C20: =IF(I20>=1,1," ") | D20: =IF(K20>=1,1," ") | E20: ='Statement AC1'!S7 -> 242370 | G20: ='Statement AC1'!$T$117 -> 0 | I20: ='Statement AC2'!$T$63 -> 0 | K20: ='Statement AC3'!$T$63 -> 0 | L20: =SUM(F20:K20) -> 0
B21: =IF(G21>=1,1," ") | C21: =IF(I21>=1,1," ") | D21: =IF(K21>=1,1," ") | E21: ='Statement AC1'!U7 -> 242401 | G21: ='Statement AC1'!$V$117 -> 0 | I21: ='Statement AC2'!$V$63 -> 0 | K21: ='Statement AC3'!$V$63 -> 0 | L21: =SUM(F21:K21) -> 0
B22: =IF(G22>=1,1," ") | C22: =IF(I22>=1,1," ") | D22: =IF(K22>=1,1," ") | E22: ='Statement AC1'!W7 -> 242431 | G22: ='Statement AC1'!$X$117 -> 0 | I22: ='Statement AC2'!$X$63 -> 0 | K22: ='Statement AC3'!$X$63 -> 0 | L22: =SUM(F22:K22) -> 0
B23: =SUM(B11:B22) -> 0 | C23: =SUM(C11:C22) -> 0 | D23: =SUM(D11:D22) -> 0 | E23: ยอดรวม | G23: =SUM(G11:G22) -> 0 | I23: =SUM(I11:I22) -> 0 | K23: =SUM(K11:K22) -> 0 | L23: =SUM(L11:L22) -> 0
E24: ยอดหมุนเวียนเฉลี่ย | G24: =IF(B23<=6,G23/6,G23/B23) -> 0 | I24: =IF(C23<=6,I23/6,I23/C23) -> 0 | K24: =IF(D23<=6,K23/6,K23/D23) -> 0 | L24: =G24+I24+K24 -> 0
E25: Income Factor | G25: ='Statement AC1'!B6 -> 0.2 | I25: ='Statement AC2'!B6 -> 0.2 | K25: ='Statement AC3'!B6 -> 0.2
E26: สัดส่วนผู้ถือหุ้น | G26: ='Statement AC1'!E3 -> 1 | I26: ='Statement AC2'!E3 -> 1 | K26: ='Statement AC3'!E3 -> 1
E27: รายได้สุทธิ | F27: =IF(ISERROR(G24*G25*G26),"",G24*G25*G26) -> 0 | H27: =IF(ISERROR(I24*I25*I26),"",I24*I25*I26) -> 0 | J27: =IF(ISERROR(K24*K25*K26),"",K24*K25*K26) -> 0 | L27: =IF(ISERROR(F27+H27+J27),"",F27+H27+J27) -> 0
E30: ชื่อ-นามสกุล
E31: ตำแหน่ง
E32: สาขา/ทีมขาย

Sheet Statement AC1
A1: รายละเอียดบัญชี | M1: =A1 -> รายละเอียดบัญชี
A3: ชื่อ-นามสกุลลูกค้า | D3: สัดส่วนผู้ถือหุ้น | E3: 1 | K3: =TODAY()-1+(((543*365)+132)) -> 244439 | L3: =ROUND(543/4,0) -> 136 | M3: =A3 -> ชื่อ-นามสกุลลูกค้า | N3: =B3 -> 0 | P3: =D3 -> สัดส่วนผู้ถือหุ้น | Q3: =E3 -> 1
A4: ชื่อธนาคาร | D4: ชื่อบัญชี | G4: เลขที่บัญชี | K4: =ROUNDUP((K3-Income!$L$6),0)/30 -> 8147.9667 | M4: =A4 -> ชื่อธนาคาร | N4: =B4 -> 0 | P4: =D4 -> ชื่อบัญชี | Q4: =E4 -> 0 | S4: =G4 -> เลขที่บัญชี | T4: =H4 -> 0
A5: ประเภทธุรกิจ | B5: 10 ค้าปลีกอื่นๆ เช่น ผู้ค้าโทรศัพท์มือถือ, ร้าน 7 Eleven (Type C), ดิสเคาน์สโตร์, จำหน่ายอุปกรณ์ ชิ้นส่วนยานยนต์, จำหน่ายปุ๋ย และ เคมีภัณฑ์เกษตร, ร้านขายเครื่องใช้ไฟฟ้า และ ร้านขายอุปกรณ์อิเล็กทรอนิกส์ และ ธุรกิจค้าปลีกอื่นๆ | L5: =LEFT(B5,2) -> 10 | M5: =A5 -> ประเภทธุรกิจ | N5: =B5 -> 10 ค้าปลีกอื่นๆ เช่น ผู้ค้าโทรศัพท์มือถือ, ร้าน 7 Eleven (Type C), ดิสเคาน์สโตร์, จำหน่ายอุปกรณ์ ชิ้นส่วนยานยนต์, จำหน่ายปุ๋ย และ เคมีภัณฑ์เกษตร, ร้านขายเครื่องใช้ไฟฟ้า และ ร้านขายอุปกรณ์อิเล็กทรอนิกส์ และ ธุรกิจค้าปลีกอื่นๆ
A6: Income Factor | B6: =IF(ISERROR(IF($K$4<=36,VLOOKUP($L5,IncomeFactor!$A:$D,3,FALSE),VLOOKUP($L5,IncomeFactor!$A:$D,4,FALSE))),"",IF($K$4<=36,VLOOKUP($L5,IncomeFactor!$A:$D,3,FALSE),VLOOKUP($L5,IncomeFactor!$A:$D,4,FALSE))) -> 0.2 | M6: =A6 -> Income Factor | N6: =B6 -> 0.2
A7: 244258 | C7: 244289 | E7: 244319 | G7: 244350 | I7: 244381 | K7: 244409 | M7: 242278 | O7: 242309 | Q7: 242339 | S7: 242370 | U7: 242401 | W7: 242431
A8: รายการที่ไม่นับรวม เป็นเงินหมุนเวียน อาทิ passing หรือ loan | B8: เครดิต | C8: รายการที่ไม่นับรวม เป็นเงินหมุนเวียน อาทิ passing หรือ loan | D8: เครดิต | E8: รายการที่ไม่นับรวม เป็นเงินหมุนเวียน อาทิ passing หรือ loan | F8: เครดิต | G8: รายการที่ไม่นับรวม เป็นเงินหมุนเวียน อาทิ passing หรือ loan | H8: เครดิต | I8: รายการที่ไม่นับรวม เป็นเงินหมุนเวียน อาทิ passing หรือ loan | J8: เครดิต | K8: รายการที่ไม่นับรวม เป็นเงินหมุนเวียน อาทิ passing หรือ loan | L8: เครดิต | M8: รายการที่ไม่นับรวม เป็นเงินหมุนเวียน อาทิ passing หรือ loan | N8: เครดิต | O8: รายการที่ไม่นับรวม เป็นเงินหมุนเวียน อาทิ passing หรือ loan | P8: เครดิต | Q8: รายการที่ไม่นับรวม เป็นเงินหมุนเวียน อาทิ passing หรือ loan | R8: เครดิต | S8: รายการที่ไม่นับรวม เป็นเงินหมุนเวียน อาทิ passing หรือ loan | T8: เครดิต | U8: รายการที่ไม่นับรวม เป็นเงินหมุนเวียน อาทิ passing หรือ loan | V8: เครดิต | W8: รายการที่ไม่นับรวม เป็นเงินหมุนเวียน อาทิ passing หรือ loan | X8: เครดิต
A115: =SUM(A9:A114) -> 0 | B115: =SUM(B9:B114) -> 0 | C115: =SUM(C9:C114) -> 0 | D115: =SUM(D9:D114) -> 0 | E115: =SUM(E9:E114) -> 0 | F115: =SUM(F9:F114) -> 0 | G115: =SUM(G9:G114) -> 0 | H115: =SUM(H9:H114) -> 0 | ... X115: =SUM(X9:X114) -> 0
B117: =B115-A115 -> 0 | D117: =D115-C115 -> 0 | F117: =F115-E115 -> 0 | H117: =H115-G115 -> 0 | J117: =J115-I115 -> 0 | L117: =L115-K115 -> 0 | N117: =N115-M115 -> 0 | P117: =P115-O115 -> 0 | R117: =R115-Q115 -> 0 | T117: =T115-S115 -> 0 | V117: =V115-U115 -> 0 | X117: =X115-W115 -> 0

Sheet Statement AC2
A1: รายละเอียดบัญชี | M1: =A1 -> รายละเอียดบัญชี
A3: ชื่อ-นามสกุลลูกค้า | D3: สัดส่วนผู้ถือหุ้น | E3: 1 | G3: =TODAY()-1 -> 46112 | H3: =TODAY()-1 -> 46112 | I3: =TODAY()-1 -> 46112 | M3: =A3 -> ชื่อ-นามสกุลลูกค้า | N3: =B3 -> 0 | P3: =D3 -> สัดส่วนผู้ถือหุ้น | Q3: =E3 -> 1
A4: ชื่อธนาคาร | D4: ชื่อบัญชี | G4: เลขที่บัญชี | K4: ='Statement AC1'!K4 -> 8147.9667 | M4: =A4 -> ชื่อธนาคาร | N4: =B4 -> 0 | P4: =D4 -> ชื่อบัญชี | Q4: =E4 -> 0 | S4: =G4 -> เลขที่บัญชี | T4: =H4 -> 0
A5: ประเภทธุรกิจ | B5: 10 ค้าปลีกอื่นๆ เช่น ผู้ค้าโทรศัพท์มือถือ, ร้าน 7 Eleven (Type C), ดิสเคาน์สโตร์, จำหน่ายอุปกรณ์ ชิ้นส่วนยานยนต์, จำหน่ายปุ๋ย และ เคมีภัณฑ์เกษตร, ร้านขายเครื่องใช้ไฟฟ้า และ ร้านขายอุปกรณ์อิเล็กทรอนิกส์ และ ธุรกิจค้าปลีกอื่นๆ | L5: =LEFT(B5,2) -> 10 | M5: =A5 -> ประเภทธุรกิจ | N5: =B5 -> 10 ค้าปลีกอื่นๆ เช่น ผู้ค้าโทรศัพท์มือถือ, ร้าน 7 Eleven (Type C), ดิสเคาน์สโตร์, จำหน่ายอุปกรณ์ ชิ้นส่วนยานยนต์, จำหน่ายปุ๋ย และ เคมีภัณฑ์เกษตร, ร้านขายเครื่องใช้ไฟฟ้า และ ร้านขายอุปกรณ์อิเล็กทรอนิกส์ และ ธุรกิจค้าปลีกอื่นๆ
A6: Income Factor | B6: =IF(ISERROR(IF($K$4<=36,VLOOKUP($L5,IncomeFactor!$A:$D,3,FALSE),VLOOKUP($L5,IncomeFactor!$A:$D,4,FALSE))),"",IF($K$4<=36,VLOOKUP($L5,IncomeFactor!$A:$D,3,FALSE),VLOOKUP($L5,IncomeFactor!$A:$D,4,FALSE))) -> 0.2 | M6: =A6 -> Income Factor | N6: =B6 -> 0.2
A7: 243650 | C7: 243678 | E7: 243709 | G7: 243739 | I7: 243770 | K7: 243800 | M7: 242278 | O7: 242309 | Q7: 242339 | S7: 242370 | U7: 242401 | W7: 242431
A8: รายการที่ไม่นับรวม เป็นเงินหมุนเวียน อาทิ passing หรือ loan | B8: เครดิต | C8: รายการที่ไม่นับรวม เป็นเงินหมุนเวียน อาทิ passing หรือ loan | D8: เครดิต | E8: รายการที่ไม่นับรวม เป็นเงินหมุนเวียน อาทิ passing หรือ loan | F8: เครดิต | G8: รายการที่ไม่นับรวม เป็นเงินหมุนเวียน อาทิ passing หรือ loan | H8: เครดิต | I8: รายการที่ไม่นับรวม เป็นเงินหมุนเวียน อาทิ passing หรือ loan | J8: เครดิต | K8: รายการที่ไม่นับรวม เป็นเงินหมุนเวียน อาทิ passing หรือ loan | L8: เครดิต | M8: รายการที่ไม่นับรวม เป็นเงินหมุนเวียน อาทิ passing หรือ loan | N8: เครดิต | O8: รายการที่ไม่นับรวม เป็นเงินหมุนเวียน อาทิ passing หรือ loan | P8: เครดิต | Q8: รายการที่ไม่นับรวม เป็นเงินหมุนเวียน อาทิ passing หรือ loan | R8: เครดิต | S8: รายการที่ไม่นับรวม เป็นเงินหมุนเวียน อาทิ passing หรือ loan | T8: เครดิต | U8: รายการที่ไม่นับรวม เป็นเงินหมุนเวียน อาทิ passing หรือ loan | V8: เครดิต | W8: รายการที่ไม่นับรวม เป็นเงินหมุนเวียน อาทิ passing หรือ loan | X8: เครดิต
A61: =SUM(A9:A60) -> 0 | B61: =SUM(B9:B60) -> 0 | C61: =SUM(C9:C60) -> 0 | D61: =SUM(D9:D60) -> 0 | E61: =SUM(E9:E60) -> 0 | F61: =SUM(F9:F60) -> 0 | G61: =SUM(G9:G60) -> 0 | H61: =SUM(H9:H60) -> 0 | ... X61: =SUM(X9:X60) -> 0
B63: =B61-A61 -> 0 | D63: =D61-C61 -> 0 | F63: =F61-E61 -> 0 | H63: =H61-G61 -> 0 | J63: =J61-I61 -> 0 | L63: =L61-K61 -> 0 | N63: =N61-M61 -> 0 | P63: =P61-O61 -> 0 | R63: =R61-Q61 -> 0 | T63: =T61-S61 -> 0 | V63: =V61-U61 -> 0 | X63: =X61-W61 -> 0

Sheet Statement AC3
A1: รายละเอียดบัญชี | M1: =A1 -> รายละเอียดบัญชี
A3: ชื่อ-นามสกุลลูกค้า | D3: สัดส่วนผู้ถือหุ้น | E3: 1 | M3: =A3 -> ชื่อ-นามสกุลลูกค้า | N3: =B3 -> 0 | P3: =D3 -> สัดส่วนผู้ถือหุ้น | Q3: =E3 -> 1
A4: ชื่อธนาคาร | D4: ชื่อบัญชี | G4: เลขที่บัญชี | K4: ='Statement AC1'!K4 -> 8147.9667 | M4: =A4 -> ชื่อธนาคาร | N4: =B4 -> 0 | P4: =D4 -> ชื่อบัญชี | Q4: =E4 -> 0 | S4: =G4 -> เลขที่บัญชี | T4: =H4 -> 0
A5: ประเภทธุรกิจ | B5: 10 ค้าปลีกอื่นๆ เช่น ผู้ค้าโทรศัพท์มือถือ, ร้าน 7 Eleven (Type C), ดิสเคาน์สโตร์, จำหน่ายอุปกรณ์ ชิ้นส่วนยานยนต์, จำหน่ายปุ๋ย และ เคมีภัณฑ์เกษตร, ร้านขายเครื่องใช้ไฟฟ้า และ ร้านขายอุปกรณ์อิเล็กทรอนิกส์ และ ธุรกิจค้าปลีกอื่นๆ | L5: =LEFT(B5,2) -> 10 | M5: =A5 -> ประเภทธุรกิจ | N5: =B5 -> 10 ค้าปลีกอื่นๆ เช่น ผู้ค้าโทรศัพท์มือถือ, ร้าน 7 Eleven (Type C), ดิสเคาน์สโตร์, จำหน่ายอุปกรณ์ ชิ้นส่วนยานยนต์, จำหน่ายปุ๋ย และ เคมีภัณฑ์เกษตร, ร้านขายเครื่องใช้ไฟฟ้า และ ร้านขายอุปกรณ์อิเล็กทรอนิกส์ และ ธุรกิจค้าปลีกอื่นๆ
A6: Income Factor | B6: =IF(ISERROR(IF($K$4<=36,VLOOKUP($L5,IncomeFactor!$A:$D,3,FALSE),VLOOKUP($L5,IncomeFactor!$A:$D,4,FALSE))),"",IF($K$4<=36,VLOOKUP($L5,IncomeFactor!$A:$D,3,FALSE),VLOOKUP($L5,IncomeFactor!$A:$D,4,FALSE))) -> 0.2 | M6: =A6 -> Income Factor | N6: =B6 -> 0.2
A7: 243435 | C7: 243466 | E7: 243497 | G7: 243527 | I7: 243558 | K7: 243588 | M7: 242278 | O7: 242309 | Q7: 242339 | S7: 242370 | U7: 242401 | W7: 242431
A8: รายการที่ไม่นับรวม เป็นเงินหมุนเวียน อาทิ passing หรือ loan | B8: เครดิต | C8: รายการที่ไม่นับรวม เป็นเงินหมุนเวียน อาทิ passing หรือ loan | D8: เครดิต | E8: รายการที่ไม่นับรวม เป็นเงินหมุนเวียน อาทิ passing หรือ loan | F8: เครดิต | G8: รายการที่ไม่นับรวม เป็นเงินหมุนเวียน อาทิ passing หรือ loan | H8: เครดิต | I8: รายการที่ไม่นับรวม เป็นเงินหมุนเวียน อาทิ passing หรือ loan | J8: เครดิต | K8: รายการที่ไม่นับรวม เป็นเงินหมุนเวียน อาทิ passing หรือ loan | L8: เครดิต | M8: รายการที่ไม่นับรวม เป็นเงินหมุนเวียน อาทิ passing หรือ loan | N8: เครดิต | O8: รายการที่ไม่นับรวม เป็นเงินหมุนเวียน อาทิ passing หรือ loan | P8: เครดิต | Q8: รายการที่ไม่นับรวม เป็นเงินหมุนเวียน อาทิ passing หรือ loan | R8: เครดิต | S8: รายการที่ไม่นับรวม เป็นเงินหมุนเวียน อาทิ passing หรือ loan | T8: เครดิต | U8: รายการที่ไม่นับรวม เป็นเงินหมุนเวียน อาทิ passing หรือ loan | V8: เครดิต | W8: รายการที่ไม่นับรวม เป็นเงินหมุนเวียน อาทิ passing หรือ loan | X8: เครดิต
A61: =SUM(A9:A60) -> 0 | B61: =SUM(B9:B60) -> 0 | C61: =SUM(C9:C60) -> 0 | D61: =SUM(D9:D60) -> 0 | E61: =SUM(E9:E60) -> 0 | F61: =SUM(F9:F60) -> 0 | G61: =SUM(G9:G60) -> 0 | H61: =SUM(H9:H60) -> 0 | ... X61: =SUM(X9:X60) -> 0
B63: =B61-A61 -> 0 | D63: =D61-C61 -> 0 | F63: =F61-E61 -> 0 | H63: =H61-G61 -> 0 | J63: =J61-I61 -> 0 | L63: =L61-K61 -> 0 | N63: =N61-M61 -> 0 | P63: =P61-O61 -> 0 | R63: =R61-Q61 -> 0 | T63: =T61-S61 -> 0 | V63: =V61-U61 -> 0 | X63: =X61-W61 -> 0

Sheet IncomeFactor
C1: IncomeFactor
B2: กลุ่มธุรกิจ และ ประเภทธุรกิจ | C2: Register NCB <36Mths | D2: Register NCB >=36Mths
A3: =LEFT(B3,2) -> 1 | B3: 1 ธุรกิจที่มีความเสี่ยงสูง*1): เฟอร์นิเจอร์, ของเล่น / เกมส์, ผลิตภัณฑ์สิ่งทอ และ เครื่องแต่งกาย, รองเท้า, กระเป๋า | C3: 0.2 | D3: 0.2
A4: =LEFT(B4,2) -> 2 | B4: 2 การผลิตอื่นๆ เช่น การผลิต แปรรูป และ ถนอมอาหารทุกประเภท, โรงสีข้าว,เครื่องดื่มที่มีและไม่มีแอลกอฮออล์ทุกประเภท, กระดาษ และ ผลิตภัณฑ์จากกระดาษ,การพิมพ์, สิ่งพิมพ์, เคมีภัณฑ์, พลาสติก, โพลีเมอร์, บรรจุภัณฑ์, เคมีเกษตร,อุปกรณ์คอมพิวเตอร์, ชิ้นส่วนอิเล็กทรอนิกส์, เครื่องใช้ไฟฟ้า,อุปกรณ์ไฟฟ้าและอิเล็กทรอนิกส์อื่นๆ, วัสดุก่อสร้าง, ผลิต / ประกอบชิ้นส่วนยานยนต์, น้ำมันปาล์มดิบ, อาหารสัตว์, เครื่องเพชรพลอย หรือ ทองรูปพรรณ, ดอกไม้ประดิษฐ์, ผลิตภัณฑ์จากยาง, สินค้าอุปโภคบริโภค, โรงไฟฟ้า และ ธุรกิจการผลิตอื่นๆ ที่ไม่เป็นธุรกิจที่มีความเสี่ยงสูงรายชื่อตามข้างต้น | C4: 0.2 | D4: 0.2
A5: =LEFT(B5,2) -> 3 | B5: 3 ค่าส่งพลังงาน | C5: 0.2 | D5: 0.2
A6: =LEFT(B6,2) -> 4 | B6: 4 ค้าส่งอื่นๆ | C6: 0.2 | D6: 0.2
A7: =LEFT(B7,2) -> 5 | B7: 5 ร้านสะดวกซื้อ, มินิมารท์, ร้านขายของชำ | C7: 0.2 | D7: 0.2
A8: =LEFT(B8,2) -> 6 | B8: 6 ร้ายขายยาและเวชภัณฑ์ | C8: 0.2 | D8: 0.2
A9: =LEFT(B9,2) -> 7 | B9: 7 ร้านขายอาหาร และ/ หรือขายเครื่องดื่ม | C9: 0.2 | D9: 0.2
A10: =LEFT(B10,2) -> 8 | B10: 8 ปั๊มแก็ส / ปั๊มน้ำมัน / ร้านขายวัสดุก่อสร้าง | C10: 0.2 | D10: 0.2
A11: =LEFT(B11,2) -> 9 | B11: 9 จำหน่ายทองและ/หรือเพชรพลอย | C11: 0.2 | D11: 0.2
A12: =LEFT(B12,2) -> 10 | B12: 10 ค้าปลีกอื่นๆ เช่น ผู้ค้าโทรศัพท์มือถือ, ร้าน 7 Eleven (Type C), ดิสเคาน์สโตร์, จำหน่ายอุปกรณ์ ชิ้นส่วนยานยนต์, จำหน่ายปุ๋ย และ เคมีภัณฑ์เกษตร, ร้านขายเครื่องใช้ไฟฟ้า และ ร้านขายอุปกรณ์อิเล็กทรอนิกส์ และ ธุรกิจค้าปลีกอื่นๆ | C12: 0.2 | D12: 0.2
A13: =LEFT(B13,2) -> 11 | B13: 11 สปา, นำเที่ยวและจำหน่ายตั๋วเครื่องบิน | C13: 0.2 | D13: 0.2
A14: =LEFT(B14,2) -> 12 | B14: 12 โรงแรม*2) | C14: 0.2 | D14: 0.2
... A35: =LEFT(B35,2) -> 33 | B35: 33 วิชาชีพเชี่ยวชาญเฉพาะด้านอื่นๆ เช่น ที่ปรึกษาด้านผลกระทบสิ่งแวดล้อม และ วิชาชีพเชี่ยวชาญเฉพาะด้านอื่นๆ | C35: 0.15 | D35: 0.15
A36: 34
B37: หมายเหตุ
B38: *1) ประเภทธุรกิจที่มีความเสี่ยงสูงดังต่อไปนี้ ต้องใช้ความระมัดระวังในการอนุมัติสินเชื่อ โดยควรพิจารณาประวัติการค้างชำระของลูกค้า รวมถึงพิจารณารายได้ที่
B39: สม่ำเสมอในกิจการของลูกค้า ซึ่งควรจะมีบัญชีธนาคารที่แสดงความเคลื่อนไหวทางการเงินที่มีการเดินบัญชีสม่ำเสมออย่างน้อย 6 เดือน
B40: 1.1 กลุ่มธุรกิจการผลิต : ธุรกิจเฟอร์นิเจอร์, ของเล่น / เกมส์, ผลิตภัณฑ์สิ่งทอ และ เครื่องแต่งกาย, รองเท้า และ กระเป๋า
B41: 1.2 กลุ่มธุรกิจค้าปลีก : ร้านขายวัสดุก่อสร้าง, ร้านค้าปลีกทัวไป
B42: 1.3 กลุ่มธุรกิจบริการ : ธุรกิจสปา, ขนส่ง
B43: 1.4 กลุ่มธุรกิจรับเหมาก่อสร้าง
B44: *2) สำหรับธุรกิจให้เช่าอสังหาริมทรัพย์ เช่น อพาร์ทเมนท์ และ ธุรกิจโรงแรม, สามารถพิจารณาให้ Income factor ที่ 50% ได้ หากมีเอกสารของบุคคลที่สามที่สามารถ
B45: พิสูจน์ได้ว่ามีอัตราการเข้าพักอย่างน้อย 70%
B46: 3) กรณีประเภทธุรกิจของลูกค้าไม่สามารถเทียบเคียงกันได้กับประเภทธุรกิจที่กำหนดไว้ข้างต้นให้ใช้ Income Factor ของประเภทธุรกิจอื่นๆของแต่ละกลุ่มธุรกิจได้
B47: 4) กรณีประเภทธุรกิจของลูกค้าสามารถพิจารณาได้ว่าเข้าข่ายประเภทธุรกิจ 2 ประเภท ให้ใช้ Income Factor ของประเภทธุรกิจที่เป็นรายได้หลักของกิจการ
